image_names;type;xmin;ymin;xmax;ymax
IMG_6974.JPG;bullet;1106;841;1179;918
IMG_6974.JPG;bullet;961;1966;1023;2039
IMG_6974.JPG;bullet;1082;2233;1161;2316
IMG_6975.JPG;bullet;1268;1201;1331;1283
IMG_6975.JPG;bullet;1307;2423;1379;2514
IMG_6975.JPG;bullet;1147;2599;1210;2671
IMG_6975.JPG;bullet;762;2462;816;2544
IMG_6975.JPG;bullet;1318;3088;1388;3173
IMG_6976.JPG;bullet;1290;2513;1354;2607
IMG_6976.JPG;bullet;2060;2764;2129;2846
IMG_6976.JPG;bullet;1305;3035;1382;3123
IMG_6976.JPG;bullet;1131;3048;1200;3129
IMG_6976.JPG;bullet;1108;3145;1172;3220
IMG_6977.JPG;bullet;1147;2042;1200;2117
IMG_6977.JPG;bullet;1928;3274;1992;3351
IMG_6977.JPG;bullet;1677;1569;1729;1640
IMG_6978.JPG;bullet;671;1765;749;1841
IMG_6978.JPG;bullet;718;2374;780;2466
IMG_6978.JPG;bullet;1152;2708;1259;2809
IMG_6978.JPG;bullet;117;2810;185;2892
IMG_6979.JPG;bullet;979;2905;1060;2982
IMG_6979.JPG;bullet;1346;2488;1421;2559
IMG_6979.JPG;bullet;2337;3381;2393;3474
IMG_6980.JPG;bullet;1418;668;1490;758
IMG_6980.JPG;bullet;1891;2260;1973;2352
IMG_6980.JPG;bullet;1375;2856;1462;2948
IMG_6980.JPG;bullet;2212;2598;2310;2695
IMG_6981.JPG;bullet;1191;1417;1264;1500
IMG_6981.JPG;bullet;1609;1543;1677;1615
IMG_6981.JPG;bullet;1580;2323;1642;2395
IMG_6981.JPG;bullet;1549;2649;1630;2725
IMG_6981.JPG;bullet;1587;2745;1662;2824
IMG_6985.JPG;bullet;1170;805;1250;870
IMG_6985.JPG;bullet;1576;1748;1673;1840
IMG_6985.JPG;bullet;1762;1956;1847;2043
IMG_6985.JPG;bullet;1100;2522;1185;2626
IMG_6985.JPG;bullet;1644;2476;1743;2571
IMG_6986.JPG;bullet;366;2359;434;2437
IMG_6986.JPG;bullet;1705;2421;1786;2515
IMG_6986.JPG;bullet;2141;2047;2222;2126
IMG_6986.JPG;bullet;1661;1719;1735;1801
IMG_6986.JPG;bullet;1611;1875;1675;1953
IMG_6988.JPG;bullet;2629;1774;2704;1868
IMG_6988.JPG;bullet;2188;1865;2255;1939
IMG_6988.JPG;bullet;2222;2014;2318;2110
IMG_6988.JPG;bullet;2128;2229;2222;2315
IMG_6988.JPG;bullet;1850;2425;1934;2519
IMG_6989.JPG;bullet;1106;2063;1185;2157
IMG_6989.JPG;bullet;1466;2654;1553;2753
IMG_6989.JPG;bullet;467;2175;556;2271
IMG_6989.JPG;bullet;2457;1326;2524;1425
IMG_6990.JPG;bullet;2759;1350;2848;1479
IMG_6990.JPG;bullet;2723;886;2812;1000
IMG_6992.JPG;bullet;1763;2842;1854;2958
IMG_6992.JPG;bullet;2382;3042;2462;3143
IMG_6992.JPG;bullet;2545;2158;2630;2265
IMG_6995.JPG;bullet;1548;2315;1638;2410
IMG_6995.JPG;bullet;1525;2740;1629;2851
IMG_6995.JPG;bullet;1591;2425;1679;2518
IMG_6995.JPG;bullet;1016;2824;1111;2933
IMG_6995.JPG;bullet;1880;3213;1982;3322
IMG_6996.JPG;bullet;1014;559;1101;643
IMG_6996.JPG;bullet;1457;1274;1537;1365
IMG_6996.JPG;bullet;1507;1578;1585;1656
IMG_6996.JPG;bullet;958;2289;1051;2371
IMG_6996.JPG;bullet;880;1575;969;1655
IMG_6997.JPG;bullet;261;1538;355;1626
IMG_6998.JPG;bullet;1743;2412;1842;2516
IMG_6998.JPG;bullet;1104;3468;1203;3582
IMG_7001.JPG;bullet;1112;271;1210;362
IMG_7001.JPG;bullet;567;379;649;473
IMG_7001.JPG;bullet;1722;2274;1830;2380
IMG_7002.JPG;bullet;413;971;486;1960
IMG_7002.JPG;bullet;794;2933;878;3021
IMG_7002.JPG;bullet;715;3042;781;3128
IMG_7002.JPG;bullet;771;3362;848;3448
IMG_7002.JPG;bullet;1888;1320;1965;1411
IMG_7003.JPG;bullet;1633;1792;1701;1876
IMG_7003.JPG;bullet;1495;2221;1579;2303
IMG_7003.JPG;bullet;1339;2289;1418;2375
IMG_7003.JPG;bullet;1028;2582;1107;2657
IMG_7003.JPG;bullet;1037;1509;1107;1575
IMG_7004.JPG;bullet;1508;2542;1586;2652
IMG_7004.JPG;bullet;2249;2448;2334;2531
IMG_7004.JPG;bullet;2296;3021;2374;3113
IMG_7004.JPG;bullet;1833;3319;1905;3406
IMG_7006.JPG;bullet;1471;2012;1556;2086
IMG_7006.JPG;bullet;2138;1484;2208;1565
IMG_7006.JPG;bullet;2661;1175;2740;1263
IMG_7007.JPG;bullet;842;939;917;1023
IMG_7007.JPG;bullet;1057;1884;1126;1959
IMG_7007.JPG;bullet;839;2041;897;2119
IMG_7007.JPG;bullet;914;2319;980;2403
IMG_7007.JPG;bullet;1338;2549;1413;2624
IMG_7008.JPG;bullet;546;1823;617;1903
IMG_7008.JPG;bullet;1239;1729;1321;1823
IMG_7008.JPG;bullet;1310;2498;1401;2592
IMG_7008.JPG;bullet;1952;2983;2039;3085
IMG_7008.JPG;bullet;829;3035;940;3142
IMG_7009.JPG;bullet;897;2284;971;2356
IMG_7009.JPG;bullet;1587;2853;1659;2950
IMG_7009.JPG;bullet;1475;2972;1554;3057
IMG_7009.JPG;bullet;1875;3298;1940;3375
IMG_7009.JPG;bullet;1983;3624;2044;3698
IMG_7011.JPG;bullet;1385;1363;1468;1453
IMG_7011.JPG;bullet;1349;1843;1410;1933
IMG_7011.JPG;bullet;1648;1801;1738;1882
IMG_7011.JPG;bullet;853;1969;927;2048
IMG_7011.JPG;bullet;1201;2542;1291;2630
IMG_7012.JPG;bullet;2417;2803;2478;2876
IMG_7012.JPG;bullet;2590;3297;2658;3383
IMG_7013.JPG;bullet;1262;2018;1349;2092
IMG_7013.JPG;bullet;1201;2138;1275;2219
IMG_7013.JPG;bullet;924;2194;1007;2268
IMG_7013.JPG;bullet;1181;2474;1268;2566
IMG_7013.JPG;bullet;953;2617;1029;2700
IMG_7017.JPG;bullet;1310;1954;1374;2034
IMG_7017.JPG;bullet;1543;2141;1621;2210
IMG_7017.JPG;bullet;130;3513;203;3579
IMG_7018.JPG;bullet;2725;2555;2788;2656
IMG_7018.JPG;bullet;2486;3559;2560;3642
IMG_7019.JPG;bullet;1463;1499;1535;1587
IMG_7019.JPG;bullet;1479;1670;1533;1762
IMG_7019.JPG;bullet;1373;1821;1441;1891
IMG_7019.JPG;bullet;1148;1933;1216;2005
IMG_7019.JPG;bullet;1582;2435;1677;2525
IMG_7020.JPG;bullet;764;2584;843;2677
IMG_7020.JPG;bullet;981;2796;1058;2884
IMG_7020.JPG;bullet;341;3576;411;3653
IMG_7021.JPG;bullet;827;507;910;597
IMG_7021.JPG;bullet;1556;1735;1632;1831
IMG_7021.JPG;bullet;2051;2277;2136;2394
IMG_7021.JPG;bullet;2708;2293;2789;2385
IMG_7023.JPG;bullet;1019;3229;1107;3317
IMG_7024.JPG;bullet;1669;162;1737;239
IMG_7024.JPG;bullet;1874;351;1949;440
IMG_7024.JPG;bullet;2493;1867;2577;1969
IMG_7025.JPG;bullet;1503;1696;1565;1789
IMG_7025.JPG;bullet;1307;2627;1383;2720
IMG_7025.JPG;bullet;1004;2696;1086;2783
IMG_7025.JPG;bullet;779;2729;872;2811
IMG_7025.JPG;bullet;1200;3003;1282;3088
IMG_7026.JPG;bullet;1518;1269;1598;1360
IMG_7026.JPG;bullet;1776;1510;1836;1595
IMG_7026.JPG;bullet;1652;2193;1730;2289
IMG_7026.JPG;bullet;2349;3415;2407;3502
IMG_7027.JPG;bullet;1178;1167;1242;1258
IMG_7027.JPG;bullet;1340;153;1408;244
IMG_7028.JPG;bullet;1485;1788;1544;1875
IMG_7028.JPG;bullet;1608;2078;1683;2178
IMG_7028.JPG;bullet;1622;2456;1700;2552
IMG_7028.JPG;bullet;1175;2137;1259;2226
IMG_7028.JPG;bullet;620;2456;691;2550
IMG_7030.JPG;bullet;1539;1277;1619;1368
IMG_7030.JPG;bullet;2057;1172;2116;1259
IMG_7030.JPG;bullet;1505;2094;1603;2192
IMG_7030.JPG;bullet;1996;1729;2078;1807
IMG_7030.JPG;bullet;1688;2541;1779;2630
IMG_7031.JPG;bullet;1062;1928;1139;2014
IMG_7031.JPG;bullet;2536;1753;2609;1834
IMG_7031.JPG;bullet;1022;1212;1092;1298
IMG_7032.JPG;bullet;1590;1363;1671;1448
IMG_7033.JPG;bullet;1501;823;1582;906
IMG_7035.JPG;bullet;1173;1987;1252;2061
IMG_7035.JPG;bullet;1353;2029;1409;2103
IMG_7035.JPG;bullet;1270;2133;1339;2212
IMG_7035.JPG;bullet;1094;2064;1163;2145
IMG_7035.JPG;bullet;1111;2304;1204;2390
IMG_7036.JPG;bullet;1197;2298;1284;2404
IMG_7036.JPG;bullet;1345;2718;1435;2821
IMG_7036.JPG;bullet;1783;2769;1861;2872
IMG_7037.JPG;bullet;1484;1059;1572;1150
IMG_7037.JPG;bullet;1375;1177;1469;1280
IMG_7037.JPG;bullet;1523;2064;1620;2161
IMG_7037.JPG;bullet;1272;2045;1360;2136
IMG_7037.JPG;bullet;1256;1888;1341;1988
IMG_7040.JPG;bullet;1790;1711;1870;1803
IMG_7040.JPG;bullet;1619;1876;1708;1971
IMG_7040.JPG;bullet;1662;2014;1742;2097
IMG_7040.JPG;bullet;1297;3158;1380;3250
IMG_7042.JPG;bullet;1372;2667;1467;2752
IMG_7042.JPG;bullet;448;2777;530;2859
IMG_7042.JPG;bullet;948;3238;1043;3345
IMG_7042.JPG;bullet;787;3387;875;3494
IMG_7042.JPG;bullet;655;3655;722;3743
IMG_7043.JPG;bullet;1311;2547;1384;2634
IMG_7043.JPG;bullet;874;3106;970;3205
IMG_7043.JPG;bullet;379;3640;475;3733
IMG_7043.JPG;bullet;708;3240;798;3345
IMG_7043.JPG;bullet;583;3499;673;3589
IMG_7044.JPG;bullet;1029;2610;1125;2697
IMG_7044.JPG;bullet;602;2574;703;2658
IMG_7044.JPG;bullet;310;3451;394;3529
IMG_7046.JPG;bullet;2284;3209;2351;3285
IMG_7049.JPG;bullet;1359;2882;1438;2961
IMG_7049.JPG;bullet;1033;3185;1103;3267
IMG_7049.JPG;bullet;914;3173;996;3263
IMG_7049.JPG;bullet;306;3243;396;3325
IMG_7051.JPG;bullet;2200;2518;2275;2608
IMG_7051.JPG;bullet;2313;1941;2394;2034
IMG_7051.JPG;bullet;2321;2697;2390;2790
IMG_7051.JPG;bullet;2263;3493;2327;3571
IMG_7052.JPG;bullet;742;881;808;970
IMG_7052.JPG;bullet;1272;826;1364;915
IMG_7052.JPG;bullet;2328;837;2411;929
IMG_7052.JPG;bullet;63;1882;141;1960
IMG_7052.JPG;bullet;739;1801;822;1884
IMG_7044.JPG;bullet;1029;2610;1125;2697
IMG_7044.JPG;bullet;602;2574;703;2658
IMG_7044.JPG;bullet;310;3451;394;3529
IMG_7046.JPG;bullet;2284;3209;2351;3285
IMG_7049.JPG;bullet;1359;2882;1438;2961
IMG_7049.JPG;bullet;1033;3185;1103;3267
IMG_7049.JPG;bullet;914;3173;996;3263
IMG_7049.JPG;bullet;306;3243;396;3325
IMG_7051.JPG;bullet;2200;2518;2275;2608
IMG_7051.JPG;bullet;2313;1941;2394;2034
IMG_7051.JPG;bullet;2321;2697;2390;2790
IMG_7051.JPG;bullet;2263;3493;2327;3571
IMG_7052.JPG;bullet;742;881;808;970
IMG_7052.JPG;bullet;1272;826;1364;915
IMG_7052.JPG;bullet;2328;837;2411;929
IMG_7052.JPG;bullet;63;1882;141;1960
IMG_7052.JPG;bullet;739;1801;822;1884
IMG_7054.JPG;bullet;924;639;983;719
IMG_7055.JPG;bullet;1106;810;1166;879
IMG_7055.JPG;bullet;1376;1092;1441;1183
IMG_7055.JPG;bullet;1314;1357;1381;1445
IMG_7055.JPG;bullet;1195;1309;1271;1390
IMG_7056.JPG;bullet;578;2644;646;2712
IMG_7056.JPG;bullet;870;3157;954;3237
IMG_7056.JPG;bullet;1269;3553;1351;3631
IMG_7058.JPG;bullet;1001;930;1081;1010
IMG_7058.JPG;bullet;1990;2491;2060;2569
IMG_7058.JPG;bullet;2009;3100;2082;3182
IMG_7059.JPG;bullet;1610;3578;1679;3665
IMG_7059.JPG;bullet;1361;2616;1452;2696
IMG_7059.JPG;bullet;641;1594;717;1670
IMG_7061.JPG;bullet;1014;1776;1083;1849
IMG_7061.JPG;bullet;724;2152;793;2235
IMG_7061.JPG;bullet;554;2330;627;2415
IMG_7061.JPG;bullet;151;2299;213;2375
IMG_7062.JPG;bullet;819;1418;886;1499
IMG_7062.JPG;bullet;2102;1491;2167;1573
IMG_7062.JPG;bullet;1822;1968;1904;2054
IMG_7064.JPG;bullet;1500;695;1566;768
IMG_7064.JPG;bullet;2019;1457;2088;1535
IMG_7064.JPG;bullet;2003;1592;2076;1668
IMG_7064.JPG;bullet;1562;1562;1631;1628
IMG_7064.JPG;bullet;1124;1671;1195;1740
IMG_7065.JPG;bullet;1403;1281;1475;1356
IMG_7065.JPG;bullet;1257;1715;1329;1787
IMG_7065.JPG;bullet;1841;1228;1920;1309
IMG_7065.JPG;bullet;1787;1336;1873;1418
IMG_7065.JPG;bullet;1976;2329;2051;2420
IMG_7066.JPG;bullet;1981;1357;2064;1433
IMG_7066.JPG;bullet;1655;1678;1724;1764
IMG_7066.JPG;bullet;1943;2041;2019;2134
IMG_7066.JPG;bullet;1216;2043;1302;2115
IMG_7066.JPG;bullet;1503;2726;1574;2797
IMG_7067.JPG;bullet;1232;960;1294;1021
IMG_7067.JPG;bullet;662;2036;733;2123
IMG_7067.JPG;bullet;1266;2481;1346;2555
IMG_7067.JPG;bullet;1367;2533;1441;2606
IMG_7067.JPG;bullet;1977;2159;2069;2240
IMG_7068.JPG;bullet;1394;589;1463;667
IMG_7068.JPG;bullet;632;1405;699;1479
IMG_7068.JPG;bullet;1528;2771;1606;2852
IMG_7069.JPG;bullet;1456;1352;1524;1427
IMG_7069.JPG;bullet;378;2493;451;2578
IMG_7070.JPG;bullet;971;1799;1048;1869
IMG_7070.JPG;bullet;640;2626;719;2709
IMG_7070.JPG;bullet;651;3173;734;3266
IMG_7070.JPG;bullet;681;3416;762;3497
IMG_7071.JPG;bullet;2095;2941;2173;3029
IMG_7072.JPG;bullet;2235;2869;2301;2944
IMG_7073.JPG;bullet;2441;1780;2516;1871
IMG_7073.JPG;bullet;912;1557;989;1644
IMG_7073.JPG;bullet;1280;3078;1379;3181
IMG_7073.JPG;bullet;1151;3285;1242;3370
IMG_7074.JPG;bullet;815;2502;900;2578
IMG_7074.JPG;bullet;407;3116;497;3196
IMG_7074.JPG;bullet;584;3240;669;3313
IMG_7074.JPG;bullet;763;3273;862;3351
IMG_7075.JPG;bullet;1565;1729;1635;1801
IMG_7077.JPG;bullet;1180;1716;1251;1797
IMG_7078.JPG;bullet;968;2830;1061;2910
IMG_7078.JPG;bullet;1983;3105;2081;3189
IMG_7081.JPG;bullet;779;889;858;968
IMG_7081.JPG;bullet;1295;1654;1361;1729
IMG_7081.JPG;bullet;1252;2727;1325;2819
IMG_7081.JPG;bullet;1173;2835;1255;2919
IMG_7081.JPG;bullet;1884;2729;1972;2819
IMG_7085.JPG;bullet;1414;1227;1485;1314
IMG_7085.JPG;bullet;1102;2036;1176;2123
IMG_7086.JPG;bullet;1337;1557;1428;1622
IMG_7086.JPG;bullet;1355;1744;1412;1824
IMG_7086.JPG;bullet;1307;2036;1364;2119
IMG_7086.JPG;bullet;1291;2221;1350;2297
IMG_7086.JPG;bullet;1170;2764;1231;2844
IMG_7087.JPG;bullet;1438;1329;1502;1406
IMG_7087.JPG;bullet;2229;1081;2302;1169
IMG_7089.JPG;bullet;1033;1694;1107;1775
IMG_7089.JPG;bullet;287;1843;357;1931
IMG_7089.JPG;bullet;495;2958;583;3041
IMG_7089.JPG;bullet;966;3201;1045;3273
IMG_7090.JPG;bullet;1161;217;1248;288
IMG_7090.JPG;bullet;1184;299;1266;371
IMG_7090.JPG;bullet;1087;691;1165;762
IMG_7090.JPG;bullet;353;1379;437;1455
IMG_7091.JPG;bullet;1056;1825;1136;1903
IMG_7091.JPG;bullet;862;2178;946;2273
IMG_7091.JPG;bullet;1597;2320;1686;2426
IMG_7091.JPG;bullet;1320;3035;1394;3126
IMG_7096.JPG;bullet;1592;835;1673;942
IMG_7096.JPG;bullet;638;2449;715;2535
IMG_7096.JPG;bullet;1290;2828;1376;2911
IMG_7096.JPG;bullet;719;3336;798;3413
IMG_7097.JPG;bullet;1069;949;1133;1029
IMG_7097.JPG;bullet;1279;2370;1362;2451
IMG_7097.JPG;bullet;1888;1949;1985;2036
IMG_7097.JPG;bullet;1635;1737;1722;1818
IMG_7099.JPG;bullet;674;1304;748;1385
IMG_7099.JPG;bullet;1189;1363;1274;1446
IMG_7099.JPG;bullet;1500;1873;1570;1962
IMG_7099.JPG;bullet;1544;2347;1623;2443
IMG_7099.JPG;bullet;940;2723;1016;2808
IMG_7100.JPG;bullet;2364;407;2438;494
IMG_7101.JPG;bullet;1355;2404;1440;2491
IMG_7101.JPG;bullet;1478;2574;1569;2661
IMG_7101.JPG;bullet;1447;2965;1538;3056
IMG_7101.JPG;bullet;1188;2744;1270;2839
IMG_7101.JPG;bullet;1894;3378;1998;3476
IMG_7102.JPG;bullet;917;1600;985;1680
IMG_7102.JPG;bullet;1148;1890;1249;1979
IMG_7102.JPG;bullet;1740;1738;1844;1840
IMG_7102.JPG;bullet;1169;2532;1268;2631
IMG_7102.JPG;bullet;689;3555;780;3650
IMG_7106.JPG;bullet;1469;1130;1548;1218
IMG_7106.JPG;bullet;2085;1017;2182;1114
IMG_7106.JPG;bullet;2337;1300;2440;1403
IMG_7106.JPG;bullet;1840;1396;1924;1484
IMG_7106.JPG;bullet;742;3440;839;3536
IMG_7109.JPG;bullet;847;667;948;764
IMG_7109.JPG;bullet;553;626;641;714
IMG_7109.JPG;bullet;1197;1420;1296;1510
IMG_7109.JPG;bullet;854;1776;946;1872
IMG_7109.JPG;bullet;1508;2033;1613;2117
IMG_7109.JPG;bullet;622;2312;725;2398
IMG_7109.JPG;bullet;167;1976;261;2081
IMG_7110.JPG;bullet;622;431;716;530
IMG_7110.JPG;bullet;783;935;871;1012
IMG_7110.JPG;bullet;253;1508;356;1611
IMG_7111.JPG;bullet;1576;1292;1669;1387
IMG_7111.JPG;bullet;1559;1501;1654;1586
IMG_7111.JPG;bullet;1128;1982;1217;2079
IMG_7111.JPG;bullet;1644;2329;1722;2426
IMG_7111.JPG;bullet;1286;2714;1373;2801
IMG_7112.JPG;bullet;1331;1799;1412;1874
IMG_7112.JPG;bullet;1223;1889;1304;1968
IMG_7112.JPG;bullet;1511;2416;1586;2497
IMG_7112.JPG;bullet;1645;2690;1726;2784
IMG_7112.JPG;bullet;1072;2591;1167;2685
IMG_7113.JPG;bullet;783;1186;868;1271
IMG_7113.JPG;bullet;1060;1614;1134;1693
IMG_7113.JPG;bullet;1177;1686;1270;1775
IMG_7113.JPG;bullet;1327;1692;1420;1764
IMG_7113.JPG;bullet;893;1277;991;1358
IMG_7115.JPG;bullet;1035;659;1128;737
IMG_7115.JPG;bullet;1102;723;1175;788
IMG_7115.JPG;bullet;1141;1472;1231;1562
IMG_7115.JPG;bullet;1348;1552;1454;1649
IMG_7115.JPG;bullet;1309;1934;1414;2029
IMG_7116.JPG;bullet;2412;3331;2510;3416
IMG_7118.JPG;bullet;1192;1043;1295;1138
IMG_7118.JPG;bullet;576;1944;671;2030
IMG_7118.JPG;bullet;769;2041;844;2127
IMG_7118.JPG;bullet;1330;2035;1431;2113
IMG_7118.JPG;bullet;1709;2184;1802;2270
IMG_7119.JPG;bullet;2156;1804;2249;1893
IMG_7119.JPG;bullet;518;1132;600;1218
IMG_7119.JPG;bullet;258;914;357;1000
IMG_7121.JPG;bullet;67;539;162;627
IMG_7121.JPG;bullet;1774;470;1865;543
IMG_7121.JPG;bullet;403;1634;489;1722
IMG_7121.JPG;bullet;1940;2211;2037;2297
IMG_7123.JPG;bullet;615;2776;697;2874
IMG_7123.JPG;bullet;1031;3192;1144;3289
IMG_7123.JPG;bullet;145;3408;253;3495
IMG_7124.JPG;bullet;1468;1324;1550;1406
IMG_7124.JPG;bullet;1020;2548;1115;2638
IMG_7125.JPG;bullet;1185;1730;1275;1807
IMG_7125.JPG;bullet;1258;1900;1358;1983
IMG_7125.JPG;bullet;1485;2347;1564;2433
IMG_7125.JPG;bullet;1087;2394;1175;2473
IMG_7125.JPG;bullet;1157;2687;1242;2766
IMG_7126.JPG;bullet;983;539;1093;618
IMG_7126.JPG;bullet;31;1315;137;1411
IMG_7126.JPG;bullet;372;1495;470;1586
IMG_7126.JPG;bullet;843;2838;945;2927
IMG_7127.JPG;bullet;1074;1966;1146;2038
IMG_7127.JPG;bullet;1268;1868;1356;1951
IMG_7127.JPG;bullet;1024;2277;1122;2369
IMG_7127.JPG;bullet;1263;2482;1350;2585
IMG_7127.JPG;bullet;1928;1528;2016;1616
IMG_7128.JPG;bullet;1335;1338;1425;1438
IMG_7128.JPG;bullet;1031;1783;1125;1870
IMG_7128.JPG;bullet;382;2298;469;2394
IMG_7128.JPG;bullet;1213;2929;1313;3019
IMG_7129.JPG;bullet;493;860;574;944
IMG_7129.JPG;bullet;867;875;944;946
IMG_7129.JPG;bullet;593;1542;662;1619
IMG_7129.JPG;bullet;1450;2189;1529;2277
IMG_7130.JPG;bullet;1164;1852;1238;1928
IMG_7130.JPG;bullet;1341;1969;1424;2052
IMG_7130.JPG;bullet;1450;2212;1541;2310
IMG_7130.JPG;bullet;1558;2848;1636;2930
IMG_7131.JPG;bullet;1546;1882;1626;1964
IMG_7131.JPG;bullet;2110;1955;2203;2041
IMG_7131.JPG;bullet;1155;78;1267;179
IMG_7134.JPG;bullet;547;1295;629;1375
IMG_7134.JPG;bullet;1031;1775;1104;1855
IMG_7134.JPG;bullet;1173;2322;1265;2415
IMG_7135.JPG;bullet;881;1961;951;2055
IMG_7135.JPG;bullet;1429;2900;1520;3008
IMG_7135.JPG;bullet;1656;483;1731;584
IMG_7135.JPG;bullet;1689;684;1771;768
IMG_7137.JPG;bullet;609;922;701;1009
IMG_7137.JPG;bullet;1174;802;1254;882
IMG_7137.JPG;bullet;447;2679;520;2768
IMG_7137.JPG;bullet;896;1407;985;1492
IMG_7137.JPG;bullet;1120;1388;1198;1473
IMG_7138.JPG;bullet;1723;1622;1815;1723
IMG_7138.JPG;bullet;1680;748;1762;844
IMG_7138.JPG;bullet;59;1142;141;1234
IMG_7139.JPG;bullet;664;980;755;1080
IMG_7139.JPG;bullet;1052;444;1150;539
IMG_7139.JPG;bullet;1066;868;1147;949
IMG_7139.JPG;bullet;1366;701;1454;799
IMG_7139.JPG;bullet;1460;834;1546;918
IMG_7140.JPG;bullet;1482;1419;1567;1511
IMG_7140.JPG;bullet;1737;888;1817;973
IMG_7140.JPG;bullet;1697;2250;1789;2326
IMG_7140.JPG;bullet;2060;2545;2147;2632
IMG_7140.JPG;bullet;1324;3557;1428;3651
IMG_7141.JPG;bullet;204;713;279;798
IMG_7141.JPG;bullet;851;978;917;1053
IMG_7142.JPG;bullet;839;986;909;1063
IMG_7142.JPG;bullet;197;717;281;806
IMG_7143.JPG;bullet;1414;1046;1496;1130
IMG_7143.JPG;bullet;1501;1834;1585;1932
IMG_7143.JPG;bullet;1874;1822;1972;1895
IMG_7143.JPG;bullet;2237;2171;2328;2262
IMG_7143.JPG;bullet;1123;2204;1224;2286
IMG_7144.JPG;bullet;1433;1429;1534;1509
IMG_7144.JPG;bullet;1574;1525;1675;1610
IMG_7144.JPG;bullet;2284;1631;2369;1730
IMG_7144.JPG;bullet;1220;2089;1302;2183
IMG_7144.JPG;bullet;1739;717;1833;797
IMG_7145.JPG;bullet;536;1258;608;1339
IMG_7145.JPG;bullet;397;1534;474;1613
IMG_7145.JPG;bullet;179;1420;265;1506
IMG_7145.JPG;bullet;914;2689;1000;2779
IMG_7146.JPG;bullet;1709;2024;1786;2103
IMG_7148.JPG;bullet;986;512;1059;597
IMG_7148.JPG;bullet;1615;643;1704;725
IMG_7148.JPG;bullet;1423;864;1491;956
IMG_7148.JPG;bullet;1319;934;1389;1011
IMG_7148.JPG;bullet;1085;833;1165;908
IMG_7149.JPG;bullet;2356;2513;2442;2599
IMG_7149.JPG;bullet;2152;2040;2242;2133
IMG_7149.JPG;bullet;1793;2004;1900;2094
IMG_7149.JPG;bullet;1985;1814;2075;1907
IMG_7149.JPG;bullet;980;1828;1061;1918
IMG_7150.JPG;bullet;1806;1985;1903;2072
IMG_7150.JPG;bullet;1310;2348;1395;2438
IMG_7150.JPG;bullet;1251;2573;1334;2670
IMG_7150.JPG;bullet;1468;2570;1546;2667
IMG_7150.JPG;bullet;1482;2766;1567;2856
IMG_7151.JPG;bullet;2273;2195;2379;2284
IMG_7151.JPG;bullet;1769;3195;1889;3303
IMG_7152.JPG;bullet;1245;1438;1339;1518
IMG_7152.JPG;bullet;1174;1717;1273;1788
IMG_7152.JPG;bullet;645;2200;732;2289
IMG_7152.JPG;bullet;722;2576;816;2651
IMG_7152.JPG;bullet;706;1624;805;1692
IMG_7153.JPG;bullet;1123;293;1211;378
IMG_7153.JPG;bullet;1171;129;1254;207
IMG_7153.JPG;bullet;1886;196;1981;288
IMG_7155.JPG;bullet;1617;2140;1716;2236
IMG_7155.JPG;bullet;1262;2691;1356;2797
IMG_7155.JPG;bullet;235;572;331;668
IMG_7157.JPG;bullet;1615;265;1699;360
IMG_7158.JPG;bullet;1134;1844;1222;1923
IMG_7158.JPG;bullet;1287;2060;1377;2153
IMG_7158.JPG;bullet;406;1846;487;1941
IMG_7158.JPG;bullet;954;2698;1049;2795
IMG_7158.JPG;bullet;881;2897;969;2981
IMG_7159.JPG;bullet;1590;729;1672;804
IMG_7159.JPG;bullet;1632;1308;1705;1390
IMG_7159.JPG;bullet;1150;1745;1232;1827
IMG_7159.JPG;bullet;1350;2312;1432;2411
IMG_7161.JPG;bullet;1724;1296;1821;1388
IMG_7161.JPG;bullet;1566;2210;1661;2298
IMG_7161.JPG;bullet;643;1945;738;2042
IMG_7162.JPG;bullet;603;800;702;897
IMG_7162.JPG;bullet;2559;932;2653;1017
IMG_7162.JPG;bullet;2058;2531;2150;2620
IMG_7162.JPG;bullet;1483;2272;1584;2359
IMG_7162.JPG;bullet;200;2621;285;2713
IMG_7163.JPG;bullet;355;719;432;810
IMG_7163.JPG;bullet;48;2146;144;2228
IMG_7163.JPG;bullet;700;3624;801;3715
IMG_7163.JPG;bullet;2;2276;79;2389
IMG_7164.JPG;bullet;1235;2180;1320;2262
IMG_7164.JPG;bullet;921;1953;1003;2026
IMG_7164.JPG;bullet;803;2714;907;2806
IMG_7164.JPG;bullet;869;2910;966;2995
IMG_7164.JPG;bullet;1315;3237;1416;3329
IMG_7165.JPG;bullet;1012;2060;1114;2143
IMG_7165.JPG;bullet;1417;2207;1512;2293
IMG_7165.JPG;bullet;1944;3438;2068;3526
IMG_7167.JPG;bullet;1288;2114;1387;2206
IMG_7167.JPG;bullet;1038;2284;1132;2374
IMG_7167.JPG;bullet;880;2131;963;2223
IMG_7167.JPG;bullet;1163;2761;1272;2862
IMG_7167.JPG;bullet;1076;1416;1161;1513
IMG_7169.JPG;bullet;1223;1852;1323;1938
IMG_7169.JPG;bullet;1341;2161;1436;2237
IMG_7169.JPG;bullet;1395;2333;1486;2428
IMG_7169.JPG;bullet;1262;2318;1360;2404
IMG_7169.JPG;bullet;971;3008;1069;3108
IMG_7171.JPG;bullet;1882;1917;1970;2000
IMG_7171.JPG;bullet;1960;2464;2064;2561
IMG_7171.JPG;bullet;1557;2704;1659;2799
IMG_7171.JPG;bullet;2297;2519;2399;2609
IMG_7172.JPG;bullet;2241;1795;2340;1887
IMG_7172.JPG;bullet;2612;2246;2690;2355
IMG_7172.JPG;bullet;1904;2142;2017;2232
IMG_7172.JPG;bullet;1285;3496;1401;3581
IMG_7172.JPG;bullet;1493;3595;1599;3666
IMG_7173.JPG;bullet;1619;2018;1728;2115
IMG_7173.JPG;bullet;560;1897;645;1961
IMG_7173.JPG;bullet;1533;2670;1658;2750
IMG_7173.JPG;bullet;2098;1765;2188;1850
IMG_7176.JPG;bullet;1345;2329;1452;2431
IMG_7176.JPG;bullet;1055;1826;1138;1914
IMG_7176.JPG;bullet;1604;2733;1689;2828
IMG_7176.JPG;bullet;2069;2747;2171;2825
IMG_7177.JPG;bullet;1148;1778;1216;1854
IMG_7177.JPG;bullet;1178;2061;1244;2125
IMG_7177.JPG;bullet;1331;2244;1395;2320
IMG_7177.JPG;bullet;1369;2325;1468;2403
IMG_7177.JPG;bullet;1682;2402;1758;2475
IMG_7178.JPG;bullet;1233;1339;1306;1421
IMG_7178.JPG;bullet;442;1911;533;1989
IMG_7178.JPG;bullet;842;1958;934;2027
IMG_7182.JPG;bullet;383;1503;463;1580
IMG_7182.JPG;bullet;1204;1885;1312;1960
IMG_7182.JPG;bullet;1214;2746;1291;2821
IMG_7182.JPG;bullet;1607;2382;1692;2460
IMG_7182.JPG;bullet;1940;3161;2044;3241
IMG_7184.JPG;bullet;53;3035;125;3121
IMG_7184.JPG;bullet;822;3384;917;3475
IMG_7187.JPG;bullet;1364;1642;1448;1722
IMG_7187.JPG;bullet;1414;1774;1494;1869
IMG_7187.JPG;bullet;993;1743;1086;1808
IMG_7187.JPG;bullet;1690;955;1791;1025
IMG_7187.JPG;bullet;1528;2618;1619;2707
IMG_7188.JPG;bullet;1039;640;1124;718
IMG_7188.JPG;bullet;1215;806;1300;878
IMG_7188.JPG;bullet;884;874;977;952
IMG_7188.JPG;bullet;854;1325;937;1399
IMG_7190.JPG;bullet;1759;1717;1843;1799
IMG_7190.JPG;bullet;1276;2385;1366;2463
IMG_7190.JPG;bullet;752;2141;842;2229
IMG_7190.JPG;bullet;325;2893;413;2971
IMG_7190.JPG;bullet;1239;2897;1327;2987
IMG_7193.JPG;bullet;1749;1403;1827;1481
IMG_7193.JPG;bullet;2042;1707;2118;1793
IMG_7193.JPG;bullet;1607;1980;1687;2073
IMG_7193.JPG;bullet;1555;2419;1637;2508
IMG_7194.JPG;bullet;1169;1196;1258;1272
IMG_7194.JPG;bullet;1315;1450;1395;1537
IMG_7194.JPG;bullet;970;1436;1044;1519
IMG_7195.JPG;bullet;318;2072;403;2159
IMG_7195.JPG;bullet;1505;2507;1595;2597
IMG_7195.JPG;bullet;1402;2937;1487;3024
IMG_7197.JPG;bullet;1353;517;1437;596
IMG_7197.JPG;bullet;903;644;978;721
IMG_7197.JPG;bullet;1231;976;1322;1055
IMG_7197.JPG;bullet;1242;1578;1326;1662
IMG_7197.JPG;bullet;1308;1778;1378;1857
IMG_7198.JPG;bullet;971;2008;1049;2088
IMG_7198.JPG;bullet;1293;2340;1377;2416
IMG_7198.JPG;bullet;1293;2468;1373;2556
IMG_7198.JPG;bullet;2043;2289;2127;2365
IMG_7198.JPG;bullet;1541;2813;1623;2908
IMG_7199.JPG;bullet;1680;1515;1752;1605
IMG_7199.JPG;bullet;1517;1733;1601;1817
IMG_7199.JPG;bullet;1718;2280;1802;2366
IMG_7199.JPG;bullet;1555;2914;1641;2998
IMG_7199.JPG;bullet;1750;3291;1836;3379
IMG_7200.JPG;bullet;1320;164;1395;237
IMG_7201.JPG;bullet;1171;829;1257;920
IMG_7201.JPG;bullet;1118;727;1188;802
IMG_7201.JPG;bullet;975;1157;1075;1234
IMG_7201.JPG;bullet;1496;1396;1578;1478
IMG_7201.JPG;bullet;1130;2048;1228;2128
IMG_7202.JPG;bullet;1894;1164;1976;1242
IMG_7202.JPG;bullet;1589;1461;1669;1528
IMG_7202.JPG;bullet;1328;1341;1395;1423
IMG_7202.JPG;bullet;1238;1387;1324;1469
IMG_7202.JPG;bullet;1164;1804;1248;1882
IMG_7203.JPG;bullet;1166;2060;1260;2156
IMG_7203.JPG;bullet;1551;1672;1636;1739
IMG_7203.JPG;bullet;484;2960;569;3045
IMG_7204.JPG;bullet;961;1415;1061;1497
IMG_7204.JPG;bullet;922;1877;1038;1968
IMG_7204.JPG;bullet;1277;2104;1393;2220
IMG_7204.JPG;bullet;736;2381;838;2474
IMG_7207.JPG;bullet;1142;1927;1237;2008
IMG_7207.JPG;bullet;1761;1895;1852;1990
IMG_7207.JPG;bullet;1946;1632;2031;1721
IMG_7207.JPG;bullet;1765;2162;1852;2260
IMG_7207.JPG;bullet;1498;2186;1583;2265
IMG_7208.JPG;bullet;948;1011;1040;1103
IMG_7208.JPG;bullet;1217;2401;1304;2488
IMG_7208.JPG;bullet;1033;2414;1109;2508
IMG_7208.JPG;bullet;823;2672;926;2757
IMG_7208.JPG;bullet;397;3253;489;3347
IMG_7209.JPG;bullet;1234;1399;1338;1490
IMG_7209.JPG;bullet;1004;1375;1108;1459
IMG_7209.JPG;bullet;1055;1636;1141;1707
IMG_7209.JPG;bullet;353;1384;432;1481
IMG_7209.JPG;bullet;1344;2030;1437;2123
IMG_7210.JPG;bullet;1360;1787;1471;1883
IMG_7210.JPG;bullet;944;2046;1033;2142
IMG_7210.JPG;bullet;1186;2364;1288;2435
IMG_7210.JPG;bullet;1465;2923;1558;3019
IMG_7211.JPG;bullet;1152;1061;1236;1150
IMG_7211.JPG;bullet;1673;717;1762;812
IMG_7211.JPG;bullet;1106;1333;1201;1413
IMG_7211.JPG;bullet;964;1515;1053;1604
IMG_7211.JPG;bullet;779;1570;857;1654
IMG_7212.JPG;bullet;822;898;905;983
IMG_7212.JPG;bullet;769;240;835;327
IMG_7212.JPG;bullet;898;1009;979;1088
IMG_7212.JPG;bullet;694;1184;779;1258
IMG_7212.JPG;bullet;505;1885;594;1972
IMG_7213.JPG;bullet;1301;1480;1396;1564
IMG_7213.JPG;bullet;1217;1755;1310;1833
IMG_7213.JPG;bullet;1163;2019;1261;2101
IMG_7213.JPG;bullet;1203;2119;1298;2192
IMG_7213.JPG;bullet;754;1469;845;1540
IMG_7219.JPG;bullet;1008;1070;1126;1154
IMG_7219.JPG;bullet;815;841;897;919
IMG_7219.JPG;bullet;67;2259;165;2341
IMG_7220.JPG;bullet;1102;1581;1191;1651
IMG_7220.JPG;bullet;121;3042;210;3123
IMG_7221.JPG;bullet;886;1871;975;1941
IMG_7221.JPG;bullet;974;2401;1078;2488
IMG_7221.JPG;bullet;511;1956;596;2048
IMG_7221.JPG;bullet;1359;3064;1459;3145
IMG_7221.JPG;bullet;371;3239;460;3309
IMG_7224.JPG;bullet;1456;1825;1540;1897
IMG_7224.JPG;bullet;1391;2062;1477;2141
IMG_7224.JPG;bullet;1452;2284;1531;2363
IMG_7224.JPG;bullet;1384;2413;1477;2501
IMG_7226.JPG;bullet;771;1658;858;1740
IMG_7226.JPG;bullet;1097;1758;1191;1838
IMG_7226.JPG;bullet;1654;2507;1763;2594
IMG_7226.JPG;bullet;2030;1106;2126;1190
IMG_7228.JPG;bullet;1306;1524;1384;1596
IMG_7228.JPG;bullet;863;1858;954;1947
IMG_7228.JPG;bullet;490;1761;592;1842
IMG_7228.JPG;bullet;734;1414;812;1490
IMG_7228.JPG;bullet;680;1252;773;1324
IMG_7229.JPG;bullet;1262;1609;1354;1688
IMG_7229.JPG;bullet;2136;1649;2222;1737
IMG_7229.JPG;bullet;1791;2607;1883;2697
IMG_7230.JPG;bullet;1318;1051;1397;1140
IMG_7230.JPG;bullet;1193;1367;1263;1437
IMG_7230.JPG;bullet;1210;1735;1301;1814
IMG_7230.JPG;bullet;1319;1874;1396;1944
IMG_7230.JPG;bullet;1501;2197;1580;2271
IMG_7231.JPG;bullet;1267;1349;1345;1427
IMG_7231.JPG;bullet;1035;1176;1124;1265
IMG_7231.JPG;bullet;883;1807;974;1896
IMG_7231.JPG;bullet;1294;1950;1387;2039
IMG_7231.JPG;bullet;2015;1678;2106;1764
IMG_7232.JPG;bullet;1099;1004;1190;1095
IMG_7232.JPG;bullet;957;908;1040;999
IMG_7232.JPG;bullet;927;1210;1003;1291
IMG_7232.JPG;bullet;1207;1562;1300;1628
IMG_7232.JPG;bullet;1538;1831;1644;1916
IMG_7233.JPG;bullet;1427;1679;1522;1757
IMG_7233.JPG;bullet;1304;1841;1374;1917
IMG_7233.JPG;bullet;1226;1930;1300;2021
IMG_7233.JPG;bullet;1074;2024;1159;2115
IMG_7233.JPG;bullet;1457;2459;1537;2544
IMG_7235.JPG;bullet;1002;591;1094;674
IMG_7235.JPG;bullet;1275;1482;1360;1554
IMG_7235.JPG;bullet;1089;1624;1191;1716
IMG_7235.JPG;bullet;742;1251;825;1347
IMG_7240.JPG;bullet;1362;1504;1459;1580
IMG_7240.JPG;bullet;1639;1508;1738;1578
IMG_7240.JPG;bullet;1401;2738;1527;2817
IMG_7240.JPG;bullet;373;2761;452;2851
IMG_7240.JPG;bullet;1948;3246;2033;3334
IMG_7244.JPG;bullet;1304;2015;1408;2098
IMG_7244.JPG;bullet;1421;2505;1512;2603
IMG_7247.JPG;bullet;1708;969;1770;1039
IMG_7247.JPG;bullet;1102;2013;1204;2096
IMG_7247.JPG;bullet;679;2194;781;2279
IMG_7247.JPG;bullet;988;2602;1082;2694
IMG_7247.JPG;bullet;1313;2641;1418;2722
IMG_7248.JPG;bullet;1982;1187;2072;1259
IMG_7248.JPG;bullet;1251;1332;1343;1404
IMG_7248.JPG;bullet;1273;1413;1363;1485
IMG_7248.JPG;bullet;848;1518;938;1597
IMG_7248.JPG;bullet;1439;2249;1531;2332
IMG_7249.JPG;bullet;1181;2433;1262;2516
IMG_7249.JPG;bullet;1511;2718;1610;2797
IMG_7249.JPG;bullet;1024;2788;1121;2858
IMG_7250.JPG;bullet;1378;2474;1457;2553
IMG_7250.JPG;bullet;1291;2462;1372;2551
IMG_7250.JPG;bullet;2152;2574;2241;2653
IMG_7250.JPG;bullet;1036;3082;1117;3163
IMG_7251.JPG;bullet;1142;1891;1242;1961
IMG_7251.JPG;bullet;991;1888;1091;1967
IMG_7251.JPG;bullet;1054;2015;1142;2099
IMG_7251.JPG;bullet;1343;2404;1431;2492
IMG_7251.JPG;bullet;1377;2544;1467;2628
IMG_7252.JPG;bullet;1521;2152;1607;2236
IMG_7252.JPG;bullet;1230;2381;1321;2478
IMG_7252.JPG;bullet;1092;2590;1180;2678
IMG_7252.JPG;bullet;1330;2660;1425;2746
IMG_7253.JPG;bullet;934;1920;1019;1992
IMG_7253.JPG;bullet;818;2174;905;2263
IMG_7253.JPG;bullet;1219;2052;1317;2128
IMG_7253.JPG;bullet;2255;3055;2357;3155
IMG_7256.JPG;bullet;946;233;1030;332
IMG_7256.JPG;bullet;2502;759;2590;865
IMG_7256.JPG;bullet;1518;1597;1615;1687
IMG_7256.JPG;bullet;1065;1622;1153;1697
IMG_7256.JPG;bullet;1446;2247;1556;2355
IMG_7258.JPG;bullet;333;429;420;523
IMG_7258.JPG;bullet;1324;1533;1420;1610
IMG_7258.JPG;bullet;1291;2090;1392;2184
IMG_7259.JPG;bullet;1348;1374;1448;1464
IMG_7259.JPG;bullet;896;1434;982;1518
IMG_7259.JPG;bullet;1035;2274;1125;2378
IMG_7259.JPG;bullet;1390;1046;1487;1150
IMG_7259.JPG;bullet;1476;1009;1550;1109
IMG_7260.JPG;bullet;65;3381;162;3471
IMG_7261.JPG;bullet;1855;2113;1954;2200
IMG_7261.JPG;bullet;2113;2451;2210;2527
IMG_7261.JPG;bullet;1648;2511;1761;2596
IMG_7261.JPG;bullet;1575;3019;1644;3111
IMG_7261.JPG;bullet;1435;3072;1532;3159
IMG_7262.JPG;bullet;2188;1612;2293;1686
IMG_7264.JPG;bullet;1107;1032;1200;1114
IMG_7264.JPG;bullet;1408;1123;1499;1198
IMG_7264.JPG;bullet;1607;1516;1703;1612
IMG_7264.JPG;bullet;1285;1595;1388;1681
IMG_7264.JPG;bullet;834;2060;930;2151
IMG_7265.JPG;bullet;1783;1031;1888;1119
IMG_7265.JPG;bullet;1560;1630;1660;1709
IMG_7265.JPG;bullet;1381;2037;1460;2114
IMG_7265.JPG;bullet;1362;1965;1443;2051
IMG_7266.JPG;bullet;1012;870;1110;942
IMG_7266.JPG;bullet;859;1401;945;1503
IMG_7266.JPG;bullet;747;1513;835;1601
IMG_7266.JPG;bullet;1105;2579;1207;2674
IMG_7266.JPG;bullet;391;954;493;1054
IMG_7267.JPG;bullet;1289;1896;1381;1979
IMG_7267.JPG;bullet;1379;2401;1476;2486
IMG_7267.JPG;bullet;731;2509;825;2601
IMG_7268.JPG;bullet;848;1456;929;1561
IMG_7268.JPG;bullet;657;2051;748;2137
IMG_7268.JPG;bullet;513;2218;597;2323
IMG_7268.JPG;bullet;423;2206;504;2308
IMG_7268.JPG;bullet;509;2608;611;2703
IMG_7269.JPG;bullet;852;385;952;476
IMG_7270.JPG;bullet;1082;1341;1185;1421
IMG_7270.JPG;bullet;715;1270;816;1362
IMG_7270.JPG;bullet;437;1188;545;1287
IMG_7270.JPG;bullet;755;1498;847;1592
IMG_7270.JPG;bullet;845;1340;946;1420
IMG_7272.JPG;bullet;1100;427;1177;497
IMG_7272.JPG;bullet;1086;532;1165;609
IMG_7273.JPG;bullet;1145;1332;1225;1421
IMG_7273.JPG;bullet;1558;1499;1656;1583
IMG_7273.JPG;bullet;1337;1550;1435;1637
IMG_7273.JPG;bullet;1264;1679;1351;1749
IMG_7273.JPG;bullet;1255;1597;1339;1681
IMG_7274.JPG;bullet;1154;1483;1250;1572
IMG_7274.JPG;bullet;1044;1810;1130;1903
IMG_7274.JPG;bullet;1137;2027;1240;2102
IMG_7274.JPG;bullet;528;2085;633;2176
IMG_7274.JPG;bullet;904;2830;1000;2921
IMG_7276.JPG;bullet;1092;1205;1201;1286
IMG_7276.JPG;bullet;1052;1627;1138;1690
IMG_7276.JPG;bullet;1059;1736;1149;1829
IMG_7276.JPG;bullet;786;2223;881;2318
IMG_7276.JPG;bullet;979;2640;1083;2744
IMG_7279.JPG;bullet;1443;1891;1525;1970
IMG_7279.JPG;bullet;1734;2128;1823;2219
IMG_7279.JPG;bullet;2138;2515;2234;2601
IMG_7279.JPG;bullet;1201;3003;1299;3082
IMG_7280.JPG;bullet;1317;2406;1412;2491
IMG_7280.JPG;bullet;1018;2422;1120;2510
IMG_7280.JPG;bullet;569;2565;659;2641
IMG_7280.JPG;bullet;342;2778;449;2880
IMG_7280.JPG;bullet;1132;3080;1236;3163
IMG_7282.JPG;bullet;1417;2171;1510;2253
IMG_7282.JPG;bullet;1309;2155;1400;2237
IMG_7282.JPG;bullet;1155;2584;1241;2663
IMG_7282.JPG;bullet;876;2544;955;2640
IMG_7282.JPG;bullet;631;2568;729;2659
IMG_7283.JPG;bullet;1718;1003;1805;1081
IMG_7283.JPG;bullet;1290;2345;1363;2413
IMG_7283.JPG;bullet;379;2672;471;2773
IMG_7283.JPG;bullet;712;3558;832;3633
IMG_7283.JPG;bullet;1152;1892;1248;1972
IMG_7284.JPG;bullet;1615;2365;1694;2444
IMG_7284.JPG;bullet;1933;2960;2017;3051
IMG_7284.JPG;bullet;1431;3513;1526;3592
IMG_7284.JPG;bullet;867;3304;946;3404
IMG_7284.JPG;bullet;488;3264;565;3355
IMG_7285.JPG;bullet;952;1063;1045;1156
IMG_7285.JPG;bullet;1191;1978;1274;2058
IMG_7285.JPG;bullet;1008;2317;1101;2400
IMG_7285.JPG;bullet;1098;2824;1189;2917
IMG_7286.JPG;bullet;1020;2811;1106;2896
IMG_7287.JPG;bullet;1239;1653;1321;1720
IMG_7287.JPG;bullet;1512;1921;1596;1999
IMG_7287.JPG;bullet;1289;2355;1378;2437
IMG_7287.JPG;bullet;801;2132;879;2216
IMG_7288.JPG;bullet;1081;899;1167;974
IMG_7288.JPG;bullet;1116;1077;1210;1154
IMG_7288.JPG;bullet;980;1103;1070;1180
IMG_7288.JPG;bullet;923;1434;1015;1509
IMG_7288.JPG;bullet;1943;2574;2037;2664
IMG_7290.JPG;bullet;1618;2904;1701;2978
IMG_7290.JPG;bullet;1203;3138;1299;3208
IMG_7290.JPG;bullet;2106;2653;2187;2740
IMG_7290.JPG;bullet;2397;2880;2484;2961
IMG_7290.JPG;bullet;1782;1791;1848;1865
IMG_7291.JPG;bullet;470;379;567;451
IMG_7291.JPG;bullet;800;18;891;98
IMG_7291.JPG;bullet;1362;2024;1475;2104
IMG_7292.JPG;bullet;1110;1071;1200;1155
IMG_7292.JPG;bullet;1249;1261;1335;1349
IMG_7292.JPG;bullet;1468;1389;1552;1462
IMG_7292.JPG;bullet;1457;1483;1545;1558
IMG_7292.JPG;bullet;1535;1749;1612;1828
IMG_7294.JPG;bullet;1447;1330;1540;1397
IMG_7294.JPG;bullet;826;1604;915;1667
IMG_7294.JPG;bullet;140;1950;220;2030
IMG_7294.JPG;bullet;878;2240;960;2322
IMG_7294.JPG;bullet;636;2861;729;2950
IMG_7295.JPG;bullet;1299;2716;1386;2795
IMG_7297.JPG;bullet;710;867;797;943
IMG_7297.JPG;bullet;511;426;593;491
IMG_7297.JPG;bullet;522;222;622;302
IMG_7298.JPG;bullet;1398;1396;1478;1461
IMG_7298.JPG;bullet;1306;1457;1388;1541
IMG_7298.JPG;bullet;1419;1690;1503;1763
IMG_7298.JPG;bullet;1409;1946;1485;2017
IMG_7298.JPG;bullet;1324;2807;1402;2897
IMG_7299.JPG;bullet;991;2010;1066;2083
IMG_7299.JPG;bullet;1066;2146;1149;2215
IMG_7299.JPG;bullet;1162;2251;1256;2324
IMG_7299.JPG;bullet;790;2313;884;2392
IMG_7299.JPG;bullet;1017;2799;1107;2880
IMG_7300.JPG;bullet;1125;575;1216;642
IMG_7300.JPG;bullet;1291;756;1369;817
IMG_7300.JPG;bullet;987;623;1071;697
IMG_7300.JPG;bullet;314;548;405;617
IMG_7300.JPG;bullet;506;1207;588;1295
IMG_7301.JPG;bullet;1530;1882;1624;1951
IMG_7301.JPG;bullet;1856;2246;1926;2320
IMG_7301.JPG;bullet;1781;2220;1850;2304
IMG_7301.JPG;bullet;1800;2462;1884;2539
IMG_7301.JPG;bullet;1220;2632;1321;2707
IMG_7302.JPG;bullet;737;1253;831;1333
IMG_7302.JPG;bullet;1117;1300;1207;1380
IMG_7302.JPG;bullet;1126;1399;1214;1466
IMG_7302.JPG;bullet;1223;1451;1302;1535
IMG_7303.JPG;bullet;777;2633;851;2696
IMG_7303.JPG;bullet;570;2627;657;2695
IMG_7303.JPG;bullet;742;3161;844;3239
IMG_7303.JPG;bullet;1591;3233;1693;3320
IMG_7304.JPG;bullet;760;462;830;530
IMG_7304.JPG;bullet;2330;3354;2421;3431
IMG_7307.JPG;bullet;1292;2061;1390;2145
IMG_7307.JPG;bullet;1146;2172;1238;2260
IMG_7307.JPG;bullet;615;2146;701;2229
IMG_7307.JPG;bullet;632;2517;724;2594
IMG_7307.JPG;bullet;653;3378;756;3462
IMG_7308.JPG;bullet;1401;1578;1491;1643
IMG_7308.JPG;bullet;1700;1601;1788;1672
IMG_7308.JPG;bullet;1393;2314;1460;2389
IMG_7308.JPG;bullet;1393;2410;1471;2475
IMG_7308.JPG;bullet;2393;1655;2471;1739
IMG_7309.JPG;bullet;783;1890;867;1962
IMG_7309.JPG;bullet;819;2221;914;2301
IMG_7309.JPG;bullet;1033;2099;1117;2183
IMG_7309.JPG;bullet;1062;2546;1163;2633
IMG_7309.JPG;bullet;1102;2715;1208;2802
IMG_7310.JPG;bullet;1407;1861;1493;1945
IMG_7310.JPG;bullet;2142;705;2228;784
IMG_7311.JPG;bullet;1279;1678;1364;1755
IMG_7311.JPG;bullet;1439;2160;1524;2233
IMG_7311.JPG;bullet;1416;2314;1493;2391
IMG_7311.JPG;bullet;882;2260;976;2345
IMG_7311.JPG;bullet;467;3136;567;3215
IMG_7312.JPG;bullet;1152;1931;1229;2008
IMG_7312.JPG;bullet;1073;3221;1159;3307
IMG_7312.JPG;bullet;916;3356;1008;3433
IMG_7313.JPG;bullet;1062;1218;1146;1304
IMG_7313.JPG;bullet;1460;1362;1552;1428
IMG_7313.JPG;bullet;1741;1881;1827;1969
IMG_7313.JPG;bullet;1900;2115;1986;2201
IMG_7313.JPG;bullet;742;1398;845;1486
IMG_7314.JPG;bullet;1099;1290;1185;1372
IMG_7314.JPG;bullet;1015;1616;1092;1689
IMG_7314.JPG;bullet;820;1993;912;2081
IMG_7314.JPG;bullet;1302;2802;1398;2888
IMG_7314.JPG;bullet;984;2465;1068;2549
IMG_7315.JPG;bullet;839;1543;938;1609
IMG_7315.JPG;bullet;1082;1812;1169;1901
IMG_7315.JPG;bullet;584;1772;667;1855
IMG_7315.JPG;bullet;1307;2410;1402;2503
IMG_7315.JPG;bullet;777;3115;859;3204
IMG_7316.JPG;bullet;1053;2552;1129;2637
IMG_7316.JPG;bullet;1247;2697;1338;2775
IMG_7316.JPG;bullet;1098;3078;1195;3171
IMG_7316.JPG;bullet;967;3244;1062;3318
IMG_7316.JPG;bullet;984;3559;1082;3627
IMG_7317.JPG;bullet;869;1021;959;1096
IMG_7317.JPG;bullet;721;1381;800;1471
IMG_7317.JPG;bullet;863;1451;947;1524
IMG_7317.JPG;bullet;627;2213;717;2286
IMG_7317.JPG;bullet;659;2734;743;2811
IMG_7318.JPG;bullet;633;895;735;978
IMG_7318.JPG;bullet;1127;1271;1210;1348
IMG_7318.JPG;bullet;413;1282;496;1359
IMG_7318.JPG;bullet;494;1384;588;1446
IMG_7318.JPG;bullet;641;1482;731;1557
IMG_7319.JPG;bullet;144;2357;234;2438
IMG_7320.JPG;bullet;496;1049;569;1119
IMG_7320.JPG;bullet;364;1489;461;1559
IMG_7320.JPG;bullet;493;2033;569;2103
IMG_7320.JPG;bullet;696;2024;781;2106
IMG_7320.JPG;bullet;872;1742;957;1827
IMG_7321.JPG;bullet;412;794;488;858
IMG_7321.JPG;bullet;1828;1866;1898;1930
IMG_7321.JPG;bullet;1574;2594;1667;2664
IMG_7321.JPG;bullet;1034;2807;1113;2874
IMG_7322.JPG;bullet;784;2625;871;2704
IMG_7322.JPG;bullet;1792;2695;1871;2785
IMG_7323.JPG;bullet;687;2440;775;2522
IMG_7323.JPG;bullet;1347;2414;1426;2485
IMG_7323.JPG;bullet;1557;2414;1656;2488
IMG_7323.JPG;bullet;1279;3441;1370;3515
IMG_7323.JPG;bullet;241;3472;309;3540
IMG_7324.JPG;bullet;344;527;407;593
IMG_7325.JPG;bullet;2286;1638;2357;1700
IMG_7325.JPG;bullet;1619;2090;1727;2181
IMG_7325.JPG;bullet;1866;2121;1963;2206
IMG_7326.JPG;bullet;1045;1010;1142;1087
IMG_7326.JPG;bullet;996;1410;1076;1496
IMG_7326.JPG;bullet;816;1447;919;1533
IMG_7326.JPG;bullet;534;1875;608;1946
IMG_7326.JPG;bullet;1150;1721;1224;1804
IMG_7329.JPG;bullet;1385;569;1451;638
IMG_7329.JPG;bullet;1457;572;1517;647
IMG_7329.JPG;bullet;1291;900;1374;980
IMG_7330.JPG;bullet;997;1572;1106;1641
IMG_7330.JPG;bullet;1317;1760;1397;1843
IMG_7330.JPG;bullet;1466;2006;1557;2089
IMG_7330.JPG;bullet;1289;2123;1380;2214
IMG_7330.JPG;bullet;992;2235;1072;2315
IMG_7331.JPG;bullet;1733;916;1823;974
IMG_7331.JPG;bullet;669;730;750;788
IMG_7331.JPG;bullet;1145;1544;1244;1622
IMG_7332.JPG;bullet;1306;1614;1410;1692
IMG_7332.JPG;bullet;1512;1732;1610;1819
IMG_7332.JPG;bullet;962;1686;1046;1770
IMG_7333.JPG;bullet;837;1791;928;1862
IMG_7333.JPG;bullet;1005;2430;1099;2504
IMG_7333.JPG;bullet;1054;2830;1168;2913
IMG_7333.JPG;bullet;763;2853;854;2927
IMG_7333.JPG;bullet;848;3022;931;3105
IMG_7336.JPG;bullet;1351;1111;1429;1195
IMG_7336.JPG;bullet;1177;1398;1258;1479
IMG_7336.JPG;bullet;1737;1572;1836;1653
IMG_7336.JPG;bullet;1061;1958;1122;2033
IMG_7336.JPG;bullet;1128;1963;1180;2038
IMG_7338.JPG;bullet;1052;1363;1140;1448
IMG_7338.JPG;bullet;1354;1908;1433;1999
IMG_7338.JPG;bullet;1082;1978;1170;2057
IMG_7338.JPG;bullet;1252;2720;1322;2796
IMG_7338.JPG;bullet;1902;2606;1987;2691
IMG_7339.JPG;bullet;1344;2371;1432;2447
IMG_7339.JPG;bullet;1080;2739;1180;2813
IMG_7339.JPG;bullet;1715;2703;1815;2791
IMG_7339.JPG;bullet;1147;3312;1232;3403
IMG_7339.JPG;bullet;312;2059;400;2124
IMG_7341.JPG;bullet;1294;1859;1365;1916
IMG_7341.JPG;bullet;1379;1916;1472;2001
IMG_7341.JPG;bullet;961;1862;1054;1936
IMG_7341.JPG;bullet;969;2094;1065;2165
IMG_7341.JPG;bullet;1117;2331;1213;2416
IMG_7342.JPG;bullet;839;1869;924;1927
IMG_7342.JPG;bullet;766;2303;857;2370
IMG_7342.JPG;bullet;878;2419;972;2483
IMG_7342.JPG;bullet;1212;2467;1297;2540
IMG_7343.JPG;bullet;912;1144;1025;1228
IMG_7343.JPG;bullet;1441;2332;1543;2399
IMG_7343.JPG;bullet;1330;2617;1446;2710
IMG_7343.JPG;bullet;1568;3105;1678;3181
IMG_7343.JPG;bullet;1647;1859;1723;1929
IMG_7344.JPG;bullet;1172;2273;1272;2352
IMG_7344.JPG;bullet;1033;2308;1130;2399
IMG_7344.JPG;bullet;733;2129;827;2214
IMG_7344.JPG;bullet;683;2435;789;2526
IMG_7344.JPG;bullet;998;2541;1101;2623
IMG_7348.JPG;bullet;414;580;485;648
IMG_7351.JPG;bullet;957;1675;1030;1751
IMG_7351.JPG;bullet;576;1675;669;1739
IMG_7351.JPG;bullet;870;1806;946;1873
IMG_7351.JPG;bullet;945;2018;1038;2099
IMG_7351.JPG;bullet;855;2120;954;2181
IMG_7352.JPG;bullet;1354;1783;1439;1853
IMG_7352.JPG;bullet;1360;1903;1456;1979
IMG_7352.JPG;bullet;1310;2189;1398;2259
IMG_7352.JPG;bullet;1316;2428;1421;2510
IMG_7352.JPG;bullet;1666;2367;1774;2449
IMG_7354.JPG;bullet;2020;1962;2085;2032
IMG_7354.JPG;bullet;1343;2674;1440;2744
IMG_7355.JPG;bullet;1039;1162;1141;1226
IMG_7355.JPG;bullet;712;1249;791;1322
IMG_7355.JPG;bullet;969;1261;1077;1340
IMG_7355.JPG;bullet;1383;1413;1482;1498
IMG_7355.JPG;bullet;1494;1591;1584;1670
IMG_7356.JPG;bullet;1346;1443;1423;1514
IMG_7356.JPG;bullet;1582;1552;1673;1641
IMG_7356.JPG;bullet;1116;1974;1199;2042
IMG_7356.JPG;bullet;1505;2278;1608;2369
IMG_7358.JPG;bullet;1792;1355;1857;1437
IMG_7358.JPG;bullet;1590;1804;1666;1889
IMG_7358.JPG;bullet;729;1945;797;2024
IMG_7358.JPG;bullet;1219;3391;1310;3473
IMG_7359.JPG;bullet;1790;2356;1873;2427
IMG_7359.JPG;bullet;758;2488;829;2547
IMG_7359.JPG;bullet;1023;2624;1109;2698
IMG_7359.JPG;bullet;472;3326;558;3391
IMG_7361.JPG;bullet;1331;2284;1451;2378
IMG_7361.JPG;bullet;1234;2887;1325;2969
IMG_7361.JPG;bullet;1579;3036;1678;3121
IMG_7361.JPG;bullet;1541;3135;1640;3223
IMG_7361.JPG;bullet;85;3165;173;3215
IMG_7362.JPG;bullet;1348;212;1436;283
IMG_7362.JPG;bullet;1837;1183;1925;1251
IMG_7362.JPG;bullet;1795;1528;1874;1602
IMG_7362.JPG;bullet;1513;1981;1601;2066
IMG_7362.JPG;bullet;912;2293;1006;2370
IMG_7363.JPG;bullet;926;1186;1015;1248
IMG_7363.JPG;bullet;1705;2287;1788;2370
IMG_7363.JPG;bullet;1788;2464;1897;2544
IMG_7363.JPG;bullet;1242;2638;1339;2727
IMG_7363.JPG;bullet;1649;3399;1735;3479
IMG_7364.JPG;bullet;824;1614;905;1686
IMG_7364.JPG;bullet;195;1857;288;1923
IMG_7364.JPG;bullet;213;1932;306;1992
IMG_7364.JPG;bullet;93;2252;183;2336
IMG_7365.JPG;bullet;579;2190;659;2261
IMG_7365.JPG;bullet;739;2006;834;2086
IMG_7365.JPG;bullet;1365;2293;1484;2385
IMG_7365.JPG;bullet;976;2620;1059;2715
IMG_7365.JPG;bullet;846;2801;947;2875
IMG_7366.JPG;bullet;900;1418;988;1480
IMG_7366.JPG;bullet;1303;2171;1377;2247
IMG_7366.JPG;bullet;1691;1983;1782;2057
IMG_7366.JPG;bullet;1380;2471;1474;2559
IMG_7366.JPG;bullet;1062;2986;1168;3083
IMG_7367.JPG;bullet;920;564;1008;652
IMG_7367.JPG;bullet;1673;635;1758;711
IMG_7367.JPG;bullet;1202;782;1287;858
IMG_7368.JPG;bullet;1476;2452;1565;2535
IMG_7368.JPG;bullet;1467;2804;1565;2887
IMG_7368.JPG;bullet;1589;3054;1693;3134
IMG_7368.JPG;bullet;1351;3313;1443;3393
IMG_7368.JPG;bullet;845;3548;943;3625
IMG_7369.JPG;bullet;1395;202;1462;269
IMG_7369.JPG;bullet;1252;1606;1331;1679
IMG_7369.JPG;bullet;1272;2269;1360;2354
IMG_7369.JPG;bullet;1325;2955;1410;3022
IMG_7369.JPG;bullet;1275;3151;1375;3230
IMG_7372.JPG;bullet;1411;1858;1491;1958
IMG_7372.JPG;bullet;1505;1846;1561;1940
IMG_7372.JPG;bullet;1608;1941;1690;2015
IMG_7372.JPG;bullet;1531;2268;1619;2359
IMG_7372.JPG;bullet;1263;2167;1360;2258
IMG_7373.JPG;bullet;786;2101;868;2189
IMG_7373.JPG;bullet;1142;2772;1236;2851
IMG_7373.JPG;bullet;1654;2731;1733;2825
IMG_7373.JPG;bullet;939;3187;1027;3261
IMG_7373.JPG;bullet;1251;3490;1345;3578
IMG_7374.JPG;bullet;1059;762;1144;827
IMG_7374.JPG;bullet;903;1691;1027;1770
IMG_7374.JPG;bullet;741;1897;817;1976
IMG_7374.JPG;bullet;1174;1988;1277;2064
IMG_7374.JPG;bullet;1447;2206;1541;2277
IMG_7375.JPG;bullet;1413;1155;1493;1223
IMG_7375.JPG;bullet;1446;1995;1544;2072
IMG_7375.JPG;bullet;1096;2535;1206;2618
IMG_7375.JPG;bullet;1633;2494;1734;2574
IMG_7376.JPG;bullet;1135;1973;1235;2049
IMG_7376.JPG;bullet;733;2205;839;2293
IMG_7376.JPG;bullet;912;2340;1000;2410
IMG_7376.JPG;bullet;660;2662;768;2738
IMG_7376.JPG;bullet;803;3205;906;3290
IMG_7378.JPG;bullet;1125;1282;1232;1371
IMG_7378.JPG;bullet;1294;1341;1383;1430
IMG_7378.JPG;bullet;819;1525;899;1593
IMG_7378.JPG;bullet;748;1923;834;1994
IMG_7378.JPG;bullet;1083;1863;1172;1940
IMG_7379.JPG;bullet;1540;543;1602;620
IMG_7379.JPG;bullet;1222;1083;1313;1136
IMG_7379.JPG;bullet;853;1104;942;1195
IMG_7379.JPG;bullet;682;1703;782;1783
IMG_7379.JPG;bullet;1691;2909;1785;2995
IMG_7380.JPG;bullet;1150;1283;1225;1350
IMG_7380.JPG;bullet;1329;1399;1407;1486
IMG_7380.JPG;bullet;1179;2000;1272;2067
IMG_7380.JPG;bullet;1504;2139;1609;2223
IMG_7380.JPG;bullet;1446;2293;1536;2380
IMG_7381.JPG;bullet;933;2225;1030;2313
IMG_7381.JPG;bullet;900;2462;988;2532
IMG_7381.JPG;bullet;1641;2510;1732;2577
IMG_7381.JPG;bullet;918;3501;1000;3562
IMG_7382.JPG;bullet;537;1706;628;1778
IMG_7385.JPG;bullet;1043;1343;1129;1420
IMG_7385.JPG;bullet;1197;1479;1295;1556
IMG_7385.JPG;bullet;1203;1843;1280;1920
IMG_7385.JPG;bullet;1064;2436;1135;2498
IMG_7385.JPG;bullet;1325;2904;1408;2972
IMG_7387.JPG;bullet;980;1892;1079;1966
IMG_7387.JPG;bullet;1049;2302;1134;2373
IMG_7387.JPG;bullet;1077;2989;1151;3046
IMG_7388.JPG;bullet;1624;377;1707;440
IMG_7391.JPG;bullet;2412;1903;2505;1981
IMG_7391.JPG;bullet;1012;1964;1102;2031
IMG_7391.JPG;bullet;1108;2823;1218;2898
IMG_7391.JPG;bullet;1822;3531;1926;3618
IMG_7393.JPG;bullet;370;1576;460;1640
IMG_7393.JPG;bullet;1284;2466;1374;2538
IMG_7393.JPG;bullet;1402;2463;1471;2538
IMG_7393.JPG;bullet;625;2608;720;2692
IMG_7394.JPG;bullet;1463;1569;1523;1629
IMG_7394.JPG;bullet;1495;1394;1575;1457
IMG_7394.JPG;bullet;1840;201;1926;273
IMG_7395.JPG;bullet;1435;1711;1524;1777
IMG_7395.JPG;bullet;1734;1941;1812;2013
IMG_7395.JPG;bullet;1168;1981;1246;2044
IMG_7395.JPG;bullet;1251;2473;1334;2539
IMG_7396.JPG;bullet;1113;418;1186;486
IMG_7396.JPG;bullet;647;602;720;653
IMG_7396.JPG;bullet;1268;1424;1353;1492
IMG_7396.JPG;bullet;983;1480;1071;1548
IMG_7396.JPG;bullet;1240;1746;1308;1797
IMG_7397.JPG;bullet;1006;2741;1085;2795
IMG_7397.JPG;bullet;1481;2998;1575;3080
IMG_7397.JPG;bullet;1034;3216;1107;3279
IMG_7397.JPG;bullet;1427;3591;1515;3661
IMG_7398.JPG;bullet;159;1397;247;1456
IMG_7398.JPG;bullet;411;3367;490;3429
IMG_7402.JPG;bullet;1649;2066;1729;2152
IMG_7402.JPG;bullet;1861;2208;1938;2279
IMG_7402.JPG;bullet;1962;2217;2045;2291
IMG_7402.JPG;bullet;1907;2727;2014;2801
IMG_7402.JPG;bullet;381;2812;467;2889
IMG_7403.JPG;bullet;2419;2105;2497;2180
IMG_7403.JPG;bullet;2077;2900;2164;2965
IMG_7403.JPG;bullet;2198;2792;2263;2863
IMG_7403.JPG;bullet;2161;3729;2232;3813
IMG_7404.JPG;bullet;1326;2334;1433;2417
IMG_7404.JPG;bullet;1008;2597;1106;2671
IMG_7404.JPG;bullet;1590;2475;1673;2549
IMG_7404.JPG;bullet;1253;3559;1360;3651
IMG_7405.JPG;bullet;1237;927;1314;988
IMG_7405.JPG;bullet;1542;860;1634;946
IMG_7405.JPG;bullet;1382;1563;1459;1643
IMG_7405.JPG;bullet;1627;1692;1716;1769
IMG_7406.JPG;bullet;1159;1558;1244;1633
IMG_7406.JPG;bullet;867;1354;949;1414
IMG_7406.JPG;bullet;741;2152;842;2209
IMG_7406.JPG;bullet;1181;3195;1256;3274
IMG_7407.JPG;bullet;1527;1440;1602;1499
IMG_7407.JPG;bullet;1240;1658;1334;1739
IMG_7407.JPG;bullet;1539;1702;1608;1774
IMG_7407.JPG;bullet;1237;1774;1321;1836
IMG_7407.JPG;bullet;1305;1889;1371;1976
IMG_7408.JPG;bullet;665;3296;737;3356
IMG_7408.JPG;bullet;312;3201;410;3273
IMG_7409.JPG;bullet;711;1726;785;1788
IMG_7409.JPG;bullet;1335;3023;1428;3116
IMG_7409.JPG;bullet;1726;3536;1825;3620
IMG_7410.JPG;bullet;1317;584;1410;655
IMG_7410.JPG;bullet;1488;472;1566;553
IMG_7410.JPG;bullet;1612;12;1690;74
IMG_7411.JPG;bullet;1149;248;1251;319
IMG_7411.JPG;bullet;1174;1028;1255;1105
IMG_7411.JPG;bullet;1158;1183;1245;1257
IMG_7411.JPG;bullet;1072;2320;1168;2401
IMG_7411.JPG;bullet;1099;2462;1180;2558
IMG_7413.JPG;bullet;870;1261;960;1317
IMG_7413.JPG;bullet;326;1783;410;1848
IMG_7413.JPG;bullet;826;1919;907;1997
IMG_7413.JPG;bullet;981;3400;1080;3481
IMG_7413.JPG;bullet;693;3708;799;3786
IMG_7414.JPG;bullet;267;1211;335;1264
IMG_7415.JPG;bullet;871;1607;956;1676
IMG_7415.JPG;bullet;915;1726;990;1792
IMG_7415.JPG;bullet;699;1598;796;1661
IMG_7415.JPG;bullet;1576;2124;1686;2218
IMG_7415.JPG;bullet;946;2390;1027;2462
IMG_7417.JPG;bullet;1059;1361;1127;1426
IMG_7417.JPG;bullet;963;1581;1046;1643
IMG_7417.JPG;bullet;1170;2034;1247;2120
IMG_7417.JPG;bullet;1151;2183;1231;2269
IMG_7417.JPG;bullet;1062;2321;1170;2411
IMG_7418.JPG;bullet;990;1303;1075;1378
IMG_7418.JPG;bullet;1440;1115;1550;1193
IMG_7418.JPG;bullet;1597;2010;1707;2095
IMG_7418.JPG;bullet;648;2051;739;2114
IMG_7420.JPG;bullet;1375;1603;1469;1681
IMG_7420.JPG;bullet;1322;1741;1397;1810
IMG_7420.JPG;bullet;1472;1666;1544;1751
IMG_7420.JPG;bullet;1719;1785;1807;1854
IMG_7420.JPG;bullet;1766;2164;1876;2252
IMG_7421.JPG;bullet;1438;1735;1507;1807
IMG_7421.JPG;bullet;871;1779;968;1854
IMG_7421.JPG;bullet;1222;2872;1313;2953
IMG_7421.JPG;bullet;786;3446;883;3540
IMG_7421.JPG;bullet;711;3850;811;3916
IMG_7423.JPG;bullet;1383;2386;1464;2458
IMG_7423.JPG;bullet;1031;2224;1106;2293
IMG_7423.JPG;bullet;665;2742;737;2817
IMG_7423.JPG;bullet;1337;3132;1443;3210
IMG_7424.JPG;bullet;1663;1437;1738;1512
IMG_7424.JPG;bullet;1970;1707;2051;1782
IMG_7424.JPG;bullet;2045;3454;2155;3548
IMG_7425.JPG;bullet;2510;1969;2576;2038
IMG_7426.JPG;bullet;2036;2486;2126;2564
IMG_7426.JPG;bullet;1161;3259;1276;3340
IMG_7426.JPG;bullet;2644;3790;2731;3886
IMG_7427.JPG;bullet;936;911;1013;973
IMG_7427.JPG;bullet;1450;1336;1558;1401
IMG_7427.JPG;bullet;1019;1841;1096;1899
IMG_7427.JPG;bullet;988;2050;1068;2112
IMG_7427.JPG;bullet;1099;2127;1182;2198
IMG_7428.JPG;bullet;1183;2517;1267;2604
IMG_7428.JPG;bullet;1808;2498;1883;2589
IMG_7428.JPG;bullet;1842;2745;1939;2845
IMG_7428.JPG;bullet;1699;3757;1808;3841
IMG_7429.JPG;bullet;506;729;603;804
IMG_7429.JPG;bullet;1147;1809;1210;1884
IMG_7429.JPG;bullet;845;2884;942;2969
IMG_7429.JPG;bullet;600;3311;688;3380
IMG_7429.JPG;bullet;1599;3236;1725;3327
IMG_7430.JPG;bullet;1683;1988;1773;2063
IMG_7430.JPG;bullet;1171;2969;1273;3056
IMG_7431.JPG;bullet;817;1734;905;1806
IMG_7431.JPG;bullet;908;1759;980;1828
IMG_7431.JPG;bullet;1108;2350;1211;2441
IMG_7431.JPG;bullet;914;2354;1017;2435
IMG_7431.JPG;bullet;1092;2954;1180;3023
IMG_7432.JPG;bullet;1300;1137;1391;1215
IMG_7432.JPG;bullet;1905;1548;1996;1620
IMG_7432.JPG;bullet;786;3067;889;3145
IMG_7432.JPG;bullet;1262;2976;1331;3064
IMG_7432.JPG;bullet;1920;3737;2020;3828
IMG_7433.JPG;bullet;836;1941;907;2015
IMG_7433.JPG;bullet;666;2145;743;2210
IMG_7433.JPG;bullet;876;2241;987;2343
IMG_7433.JPG;bullet;666;2220;777;2285
IMG_7433.JPG;bullet;285;2780;381;2860
IMG_7434.JPG;bullet;1705;1683;1792;1761
IMG_7434.JPG;bullet;1720;2397;1807;2459
IMG_7434.JPG;bullet;754;2518;838;2583
IMG_7434.JPG;bullet;618;2232;699;2331
IMG_7434.JPG;bullet;494;2189;587;2270
IMG_7435.JPG;bullet;829;1161;916;1248
IMG_7435.JPG;bullet;913;1789;1009;1873
IMG_7435.JPG;bullet;1078;2273;1180;2366
IMG_7435.JPG;bullet;236;2087;311;2152
IMG_7436.JPG;bullet;1492;1582;1585;1656
IMG_7436.JPG;bullet;1653;1498;1740;1566
IMG_7436.JPG;bullet;1622;2297;1746;2390
IMG_7436.JPG;bullet;1238;3226;1343;3313
IMG_7437.JPG;bullet;1299;2861;1399;2948
IMG_7437.JPG;bullet;1062;2836;1153;2905
IMG_7437.JPG;bullet;1359;3073;1443;3148
IMG_7437.JPG;bullet;1512;3323;1593;3401
IMG_7437.JPG;bullet;484;3432;578;3501
IMG_7384.JPG;bullet;2062;668;2147;755
IMG_7384.JPG;bullet;1547;794;1621;865
IMG_7384.JPG;bullet;2343;1353;2414;1418
IMG_7384.JPG;bullet;1885;1801;1950;1861
IMG_7384.JPG;bullet;1735;1923;1830;1988
IMG_7438.JPG;bullet;1225;2203;1327;2317
IMG_7438.JPG;bullet;1359;2313;1449;2407
IMG_7438.JPG;bullet;1708;2321;1802;2411
IMG_7438.JPG;bullet;1728;2006;1803;2088
IMG_7438.JPG;bullet;942;3840;1032;3915
IMG_7439.JPG;bullet;2021;2058;2130;2133
IMG_7439.JPG;bullet;1915;2323;2015;2416
IMG_7439.JPG;bullet;2015;2802;2124;2895
IMG_7439.JPG;bullet;1498;2588;1607;2675
IMG_7439.JPG;bullet;1295;2531;1398;2624
IMG_7440.JPG;bullet;1571;1719;1678;1807
IMG_7440.JPG;bullet;1753;2366;1850;2454
IMG_7440.JPG;bullet;1810;2577;1898;2652
IMG_7440.JPG;bullet;1411;2837;1483;2928
IMG_7440.JPG;bullet;1734;3321;1844;3400
IMG_7441.JPG;bullet;1052;859;1143;934
IMG_7441.JPG;bullet;1589;855;1648;939
IMG_7441.JPG;bullet;1470;1758;1557;1839
IMG_7441.JPG;bullet;1430;2026;1533;2110
IMG_7441.JPG;bullet;718;1876;809;1957
IMG_7442.JPG;bullet;364;1068;468;1137
IMG_7442.JPG;bullet;1137;1074;1241;1146
IMG_7442.JPG;bullet;961;1963;1043;2048
IMG_7442.JPG;bullet;1253;2400;1357;2497
IMG_7442.JPG;bullet;901;2594;1005;2676
IMG_7444.JPG;bullet;569;2651;657;2752
IMG_7444.JPG;bullet;1608;3751;1702;3839
IMG_7445.JPG;bullet;1002;3323;1068;3404
IMG_7445.JPG;bullet;862;3426;959;3520
IMG_7446.JPG;bullet;1348;1257;1464;1345
IMG_7446.JPG;bullet;1159;1762;1250;1831
IMG_7446.JPG;bullet;1684;2146;1825;2234
IMG_7446.JPG;bullet;1703;2928;1819;3032
IMG_7446.JPG;bullet;1788;3239;1901;3330
IMG_7448.JPG;bullet;1011;1124;1102;1205
IMG_7448.JPG;bullet;918;1735;1024;1807
IMG_7448.JPG;bullet;1002;2076;1093;2157
IMG_7448.JPG;bullet;811;2010;899;2101
IMG_7448.JPG;bullet;1130;2803;1243;2913
IMG_7449.JPG;bullet;1310;408;1401;493
IMG_7449.JPG;bullet;1407;1121;1489;1209
IMG_7450.JPG;bullet;1644;2130;1747;2236
IMG_7450.JPG;bullet;1171;2376;1296;2476
IMG_7450.JPG;bullet;919;2550;1047;2622
IMG_7450.JPG;bullet;1734;2416;1840;2500
IMG_7450.JPG;bullet;1753;2806;1856;2915
IMG_7451.JPG;bullet;1106;885;1195;964
IMG_7451.JPG;bullet;844;1397;948;1479
IMG_7451.JPG;bullet;345;2560;449;2636
IMG_7452.JPG;bullet;1599;594;1687;666
IMG_7452.JPG;bullet;1593;2111;1694;2199
IMG_7452.JPG;bullet;1879;2215;2011;2306
IMG_7452.JPG;bullet;1527;3221;1631;3306
IMG_7453.JPG;bullet;338;2258;435;2333
IMG_7453.JPG;bullet;185;2490;276;2575
IMG_7453.JPG;bullet;1049;2672;1165;2763
IMG_7453.JPG;bullet;752;2963;877;3057
IMG_7454.JPG;bullet;1100;1222;1223;1307
IMG_7454.JPG;bullet;1062;2118;1175;2206
IMG_7454.JPG;bullet;1229;2614;1339;2699
IMG_7454.JPG;bullet;1279;2721;1398;2806
IMG_7454.JPG;bullet;1913;3359;2020;3453
IMG_7455.JPG;bullet;1327;1436;1446;1536
IMG_7455.JPG;bullet;1209;1486;1315;1580
IMG_7455.JPG;bullet;1084;1836;1162;1908
IMG_7455.JPG;bullet;1265;2320;1371;2401
IMG_7455.JPG;bullet;1002;2492;1105;2586
IMG_7456.JPG;bullet;1468;2123;1587;2220
IMG_7456.JPG;bullet;1471;2561;1574;2639
IMG_7456.JPG;bullet;1180;2726;1264;2820
IMG_7456.JPG;bullet;1589;3297;1695;3384
IMG_7456.JPG;bullet;2161;3079;2258;3182
IMG_7457.JPG;bullet;1427;2130;1527;2221
IMG_7457.JPG;bullet;1649;2036;1755;2114
IMG_7457.JPG;bullet;1780;2214;1877;2308
IMG_7457.JPG;bullet;1902;2492;1993;2573
IMG_7457.JPG;bullet;1974;2542;2068;2623
IMG_7458.JPG;bullet;1496;1375;1593;1459
IMG_7458.JPG;bullet;1125;1584;1222;1671
IMG_7458.JPG;bullet;1962;2262;2056;2349
IMG_7458.JPG;bullet;1662;2490;1778;2568
IMG_7458.JPG;bullet;1546;993;1624;1068
IMG_7459.JPG;bullet;1338;2872;1465;2959
IMG_7459.JPG;bullet;1223;3437;1338;3539
IMG_7459.JPG;bullet;736;3779;857;3872
IMG_7460.JPG;bullet;1447;1278;1557;1366
IMG_7460.JPG;bullet;1635;1779;1735;1876
IMG_7460.JPG;bullet;1381;1970;1475;2055
IMG_7460.JPG;bullet;912;2409;1025;2494
IMG_7461.JPG;bullet;1096;1515;1187;1599
IMG_7462.JPG;bullet;1565;2168;1677;2259
IMG_7462.JPG;bullet;1593;2659;1693;2743
IMG_7462.JPG;bullet;1337;2659;1437;2753
IMG_7462.JPG;bullet;1312;2812;1412;2896
IMG_7462.JPG;bullet;1075;2812;1175;2899
IMG_7463.JPG;bullet;2114;2408;2226;2502
IMG_7463.JPG;bullet;1446;3195;1583;3279
IMG_7463.JPG;bullet;1849;3554;1968;3648
IMG_7464.JPG;bullet;1497;2199;1613;2293
IMG_7464.JPG;bullet;1284;2164;1387;2258
IMG_7464.JPG;bullet;1005;2261;1111;2346
IMG_7464.JPG;bullet;1231;2330;1328;2418
IMG_7464.JPG;bullet;1049;2606;1187;2712
IMG_7465.JPG;bullet;1246;1034;1371;1100
IMG_7465.JPG;bullet;1271;1099;1380;1193
IMG_7465.JPG;bullet;1362;1330;1471;1430
IMG_7465.JPG;bullet;1433;1970;1558;2064
IMG_7465.JPG;bullet;1355;2695;1458;2782
IMG_7466.JPG;bullet;2027;2292;2139;2379
IMG_7466.JPG;bullet;1855;3016;1964;3103
IMG_7466.JPG;bullet;1474;3291;1574;3382
IMG_7467.JPG;bullet;803;1177;921;1267
IMG_7467.JPG;bullet;1136;1448;1245;1545
IMG_7467.JPG;bullet;978;1395;1068;1470
IMG_7467.JPG;bullet;1342;2058;1442;2155
IMG_7467.JPG;bullet;1501;2724;1594;2824
IMG_7468.JPG;bullet;1177;1738;1280;1835
IMG_7468.JPG;bullet;1237;2439;1331;2524
IMG_7468.JPG;bullet;1287;2712;1381;2797
IMG_7468.JPG;bullet;1406;2762;1506;2856
IMG_7468.JPG;bullet;13;3398;113;3508
IMG_7469.JPG;bullet;971;2286;1080;2380
IMG_7469.JPG;bullet;1209;2455;1340;2549
IMG_7469.JPG;bullet;1237;2689;1362;2783
IMG_7470.JPG;bullet;1867;1560;1970;1648
IMG_7471.JPG;bullet;1404;2242;1532;2339
IMG_7471.JPG;bullet;1136;2587;1254;2684
IMG_7471.JPG;bullet;1417;2948;1535;3048
IMG_7471.JPG;bullet;1610;3011;1731;3101
IMG_7471.JPG;bullet;1196;3291;1308;3384
IMG_7473.JPG;bullet;1143;1226;1267;1319
IMG_7473.JPG;bullet;879;1701;985;1791
IMG_7473.JPG;bullet;935;2145;1031;2213
IMG_7473.JPG;bullet;1205;2179;1317;2260
IMG_7473.JPG;bullet;854;3046;960;3139
IMG_7474.JPG;bullet;888;1783;984;1870
IMG_7474.JPG;bullet;1363;1947;1441;2015
IMG_7474.JPG;bullet;1255;2025;1342;2093
IMG_7474.JPG;bullet;1242;2152;1348;2236
IMG_7474.JPG;bullet;910;2755;1006;2839
IMG_7475.JPG;bullet;862;1327;962;1411
IMG_7475.JPG;bullet;1527;2118;1621;2205
IMG_7475.JPG;bullet;1530;3345;1649;3426
IMG_7475.JPG;bullet;890;2736;981;2808
IMG_7475.JPG;bullet;953;3782;1034;3873
IMG_7477.JPG;bullet;790;1006;892;1077
IMG_7477.JPG;bullet;1133;1457;1226;1534
IMG_7477.JPG;bullet;710;1855;803;1932
IMG_7477.JPG;bullet;815;1886;929;1976
IMG_7477.JPG;bullet;701;2105;809;2170
IMG_7478.JPG;bullet;1090;934;1215;1003
IMG_7478.JPG;bullet;2090;1365;2206;1452
IMG_7478.JPG;bullet;1696;2549;1821;2643
IMG_7478.JPG;bullet;2290;2646;2381;2718
IMG_7478.JPG;bullet;1718;3202;1843;3305
IMG_7479.JPG;bullet;1393;1558;1505;1636
IMG_7479.JPG;bullet;656;2049;759;2124
IMG_7479.JPG;bullet;1308;2807;1417;2898
IMG_7479.JPG;bullet;1446;2929;1543;3020
IMG_7479.JPG;bullet;1671;3098;1768;3192
IMG_7480.JPG;bullet;1544;454;1641;535
IMG_7480.JPG;bullet;2568;351;2640;429
IMG_7480.JPG;bullet;1459;1240;1581;1321
IMG_7480.JPG;bullet;1629;2221;1742;2312
IMG_7481.JPG;bullet;2202;484;2289;559
IMG_7481.JPG;bullet;528;311;627;386
IMG_7481.JPG;bullet;826;1196;950;1274
IMG_7481.JPG;bullet;1410;1006;1519;1105
IMG_7482.JPG;bullet;1546;2461;1652;2539
IMG_7482.JPG;bullet;1496;2692;1599;2783
IMG_7482.JPG;bullet;1668;2683;1759;2761
IMG_7482.JPG;bullet;1474;3373;1571;3448
IMG_7482.JPG;bullet;1746;3563;1830;3641
IMG_7483.JPG;bullet;1524;2782;1611;2869
IMG_7483.JPG;bullet;1074;3083;1161;3164
IMG_7483.JPG;bullet;820;3626;935;3716
IMG_7484.JPG;bullet;1317;2488;1432;2575
IMG_7484.JPG;bullet;987;2756;1087;2834
IMG_7484.JPG;bullet;1398;2634;1488;2703
IMG_7484.JPG;bullet;1594;2989;1691;3061
IMG_7484.JPG;bullet;1529;3058;1622;3133
IMG_7485.JPG;bullet;1693;522;1784;594
IMG_7485.JPG;bullet;2380;621;2471;699
IMG_7485.JPG;bullet;2433;831;2527;915
IMG_7485.JPG;bullet;1427;1490;1530;1590
IMG_7486.JPG;bullet;1457;2326;1541;2413
IMG_7486.JPG;bullet;1759;2320;1865;2404
IMG_7486.JPG;bullet;1333;2435;1426;2522
IMG_7486.JPG;bullet;1242;2475;1335;2578
IMG_7486.JPG;bullet;1616;2949;1722;3027
IMG_7488.JPG;bullet;2402;3529;2489;3604
IMG_7489.JPG;bullet;2255;3060;2340;3117
IMG_7489.JPG;bullet;1348;3342;1455;3424
IMG_7490.JPG;bullet;1987;2018;2086;2117
IMG_7490.JPG;bullet;1379;1872;1472;1947
IMG_7490.JPG;bullet;1388;2593;1490;2689
IMG_7490.JPG;bullet;1549;2888;1679;2994
IMG_7492.JPG;bullet;987;556;1078;631
IMG_7493.JPG;bullet;1516;747;1613;822
IMG_7493.JPG;bullet;806;1239;890;1307
IMG_7493.JPG;bullet;1273;2176;1376;2248
IMG_7493.JPG;bullet;1264;2279;1376;2366
IMG_7493.JPG;bullet;809;1908;899;1976
IMG_7494.JPG;bullet;1018;1333;1118;1411
IMG_7494.JPG;bullet;1380;2124;1480;2211
IMG_7495.JPG;bullet;1046;460;1139;535
IMG_7495.JPG;bullet;910;556;1016;615
IMG_7495.JPG;bullet;161;295;276;366
IMG_7495.JPG;bullet;761;1059;876;1134
IMG_7495.JPG;bullet;512;1338;608;1413
IMG_7605.JPG;bullet;1399;1081;1495;1151
IMG_7605.JPG;bullet;1785;175;1844;243
IMG_7605.JPG;bullet;1154;2925;1253;3015
IMG_7607.JPG;bullet;2414;996;2484;1075
IMG_7607.JPG;bullet;1060;1290;1127;1357
IMG_7608.JPG;bullet;1314;1420;1374;1477
IMG_7608.JPG;bullet;1391;1517;1460;1591
IMG_7608.JPG;bullet;1371;1852;1437;1924
IMG_7608.JPG;bullet;988;1992;1080;2058
IMG_7608.JPG;bullet;1091;2055;1174;2124
IMG_7609.JPG;bullet;1010;980;1102;1045
IMG_7609.JPG;bullet;1089;1275;1160;1352
IMG_7609.JPG;bullet;1119;1937;1202;2014
IMG_7609.JPG;bullet;1703;1644;1768;1700
IMG_7609.JPG;bullet;1686;1733;1775;1810
IMG_7610.JPG;bullet;1908;600;1997;663
IMG_7610.JPG;bullet;1220;871;1320;948
IMG_7610.JPG;bullet;1003;2120;1106;2194
IMG_7611.JPG;bullet;1279;2615;1379;2701
IMG_7611.JPG;bullet;1918;2648;2016;2728
IMG_7611.JPG;bullet;1433;3493;1519;3573
IMG_7611.JPG;bullet;2323;3490;2421;3567
IMG_7612.JPG;bullet;1196;1740;1276;1820
IMG_7612.JPG;bullet;1657;1893;1754;1967
IMG_7612.JPG;bullet;1415;2242;1518;2310
IMG_7612.JPG;bullet;2018;2230;2130;2313
IMG_7613.JPG;bullet;1184;697;1284;772
IMG_7613.JPG;bullet;1502;676;1577;733
IMG_7613.JPG;bullet;2147;903;2230;972
IMG_7613.JPG;bullet;1270;1170;1362;1236
IMG_7613.JPG;bullet;780;1138;860;1207
IMG_7615.JPG;bullet;1365;6;1464;64
IMG_7615.JPG;bullet;1674;1595;1773;1674
IMG_7615.JPG;bullet;1426;1621;1505;1688
IMG_7615.JPG;bullet;1694;2445;1773;2529
IMG_7615.JPG;bullet;1586;3047;1700;3120
IMG_7616.JPG;bullet;1255;653;1351;710
IMG_7616.JPG;bullet;1120;712;1205;783
IMG_7616.JPG;bullet;1284;823;1383;902
IMG_7616.JPG;bullet;1442;1433;1549;1507
IMG_7616.JPG;bullet;1323;1462;1419;1536
IMG_7617.JPG;bullet;2512;448;2602;535
IMG_7617.JPG;bullet;1810;3492;1897;3564
IMG_7617.JPG;bullet;2000;3547;2090;3619
IMG_7618.JPG;bullet;1154;2410;1262;2501
IMG_7618.JPG;bullet;949;3099;1049;3173
IMG_7619.JPG;bullet;1303;941;1397;1018
IMG_7619.JPG;bullet;1203;2426;1294;2509
IMG_7620.JPG;bullet;1127;2161;1218;2243
IMG_7622.JPG;bullet;1729;17;1813;101
IMG_7622.JPG;bullet;1661;935;1760;1008
IMG_7622.JPG;bullet;1565;1227;1661;1314
IMG_7622.JPG;bullet;816;2078;915;2151
IMG_7622.JPG;bullet;313;2371;403;2453
IMG_7624.JPG;bullet;1732;1122;1812;1179
IMG_7624.JPG;bullet;1543;1228;1632;1302
IMG_7624.JPG;bullet;1374;1400;1457;1486
IMG_7624.JPG;bullet;1946;1789;2029;1858
IMG_7625.JPG;bullet;1497;1054;1596;1122
IMG_7625.JPG;bullet;1202;1080;1324;1165
IMG_7625.JPG;bullet;918;1239;1020;1321
IMG_7625.JPG;bullet;1310;1355;1424;1449
IMG_7625.JPG;bullet;1205;1497;1310;1571
IMG_7629.JPG;bullet;851;1360;934;1432
IMG_7629.JPG;bullet;1392;1392;1485;1467
IMG_7629.JPG;bullet;1227;1909;1320;2002
IMG_7629.JPG;bullet;1156;2035;1249;2114
IMG_7629.JPG;bullet;1278;2089;1368;2182
IMG_7630.JPG;bullet;867;899;967;970
IMG_7630.JPG;bullet;1356;1042;1456;1120
IMG_7632.JPG;bullet;946;2386;1035;2468
IMG_7632.JPG;bullet;1444;2493;1547;2582
IMG_7632.JPG;bullet;1729;2397;1846;2486
IMG_7632.JPG;bullet;1743;2650;1843;2746
IMG_7632.JPG;bullet;1501;2774;1622;2863
IMG_7634.JPG;bullet;805;1819;912;1890
IMG_7634.JPG;bullet;1114;2118;1239;2203
IMG_7634.JPG;bullet;615;2122;729;2211
IMG_7634.JPG;bullet;651;2342;758;2427
IMG_7634.JPG;bullet;619;1680;697;1751
IMG_7635.JPG;bullet;1128;895;1234;983
IMG_7635.JPG;bullet;690;1029;771;1103
IMG_7635.JPG;bullet;339;1245;459;1316
IMG_7635.JPG;bullet;442;1690;545;1775
IMG_7635.JPG;bullet;965;1153;1064;1238
IMG_7637.JPG;bullet;545;1879;669;1967
IMG_7637.JPG;bullet;1164;1195;1309;1276
IMG_7637.JPG;bullet;1306;2141;1419;2251
IMG_7637.JPG;bullet;1019;2523;1143;2619
IMG_7637.JPG;bullet;902;2802;1019;2908
IMG_7639.JPG;bullet;1528;2115;1636;2209
IMG_7639.JPG;bullet;1697;2259;1812;2356
IMG_7639.JPG;bullet;1031;2803;1146;2911
IMG_7639.JPG;bullet;1261;3048;1355;3152
IMG_7639.JPG;bullet;504;3506;580;3582
IMG_7640.JPG;bullet;1130;1589;1220;1657
IMG_7640.JPG;bullet;954;1829;1040;1915
IMG_7640.JPG;bullet;1004;2009;1108;2091
IMG_7640.JPG;bullet;1187;2102;1277;2192
IMG_7640.JPG;bullet;585;1905;682;1984
IMG_7641.JPG;bullet;1602;1254;1697;1328
IMG_7641.JPG;bullet;1662;1577;1754;1662
IMG_7641.JPG;bullet;996;1779;1081;1853
IMG_7641.JPG;bullet;1499;2091;1602;2169
IMG_7641.JPG;bullet;2261;2541;2357;2615
IMG_7642.JPG;bullet;1351;1390;1450;1472
IMG_7642.JPG;bullet;1450;2340;1549;2418
IMG_7642.JPG;bullet;82;1922;164;1986
IMG_7642.JPG;bullet;2177;1004;2273;1082
IMG_7642.JPG;bullet;88;323;148;383
IMG_7655.JPG;bullet;990;2156;1125;2256
IMG_7655.JPG;bullet;1282;2102;1404;2212
IMG_7655.JPG;bullet;335;2607;448;2673
IMG_7655.JPG;bullet;1761;2557;1896;2654
IMG_7655.JPG;bullet;1604;3027;1736;3121
IMG_7656.JPG;bullet;1266;289;1348;361
IMG_7656.JPG;bullet;1533;179;1618;258
IMG_7656.JPG;bullet;1615;537;1700;612
IMG_7656.JPG;bullet;1411;801;1518;876
IMG_7656.JPG;bullet;1574;1932;1678;2017
IMG_7657.JPG;bullet;217;554;294;625
IMG_7657.JPG;bullet;257;712;347;780
IMG_7657.JPG;bullet;291;1225;371;1296
IMG_7657.JPG;bullet;0;1671;68;1739
IMG_7658.JPG;bullet;1663;1252;1775;1333
IMG_7658.JPG;bullet;1464;1557;1582;1654
IMG_7658.JPG;bullet;1576;1878;1682;1962
IMG_7658.JPG;bullet;1062;1473;1155;1560
IMG_7659.JPG;bullet;901;1562;991;1642
IMG_7659.JPG;bullet;710;1994;824;2090
IMG_7659.JPG;bullet;389;2031;463;2096
IMG_7659.JPG;bullet;389;2136;491;2210
IMG_7662.JPG;bullet;1188;1714;1294;1805
IMG_7662.JPG;bullet;856;2232;971;2329
IMG_7662.JPG;bullet;1421;3187;1527;3284
IMG_7663.JPG;bullet;966;2655;1074;2744
IMG_7663.JPG;bullet;1329;2566;1443;2658
IMG_7663.JPG;bullet;1969;2387;2083;2482
IMG_7663.JPG;bullet;2181;2596;2270;2685
IMG_7664.JPG;bullet;1211;2772;1304;2856
IMG_7664.JPG;bullet;1258;3254;1358;3347
IMG_7665.JPG;bullet;609;253;675;319
IMG_7665.JPG;bullet;1075;703;1172;794
IMG_7667.JPG;bullet;956;686;1058;761
IMG_7667.JPG;bullet;1177;1084;1261;1155
IMG_7667.JPG;bullet;1183;1186;1289;1276
IMG_7667.JPG;bullet;1441;1248;1543;1332
IMG_7667.JPG;bullet;975;1180;1071;1261
IMG_7668.JPG;bullet;1003;720;1093;798
IMG_7668.JPG;bullet;1152;1239;1239;1329
IMG_7668.JPG;bullet;537;1335;643;1422
IMG_7668.JPG;bullet;2105;1319;2192;1387
IMG_7669.JPG;bullet;1488;282;1571;374
IMG_7669.JPG;bullet;1313;710;1423;796
IMG_7669.JPG;bullet;658;1249;747;1313
IMG_7669.JPG;bullet;2449;2929;2556;3006
IMG_7669.JPG;bullet;2538;2222;2633;2302
IMG_7670.JPG;bullet;2012;2195;2111;2281
IMG_7670.JPG;bullet;1497;2815;1590;2908
IMG_7670.JPG;bullet;1009;2827;1120;2910
IMG_7670.JPG;bullet;1015;2960;1120;3056
IMG_7671.JPG;bullet;1417;1323;1517;1423
IMG_7671.JPG;bullet;1376;1501;1482;1598
IMG_7671.JPG;bullet;1579;2173;1688;2270
IMG_7671.JPG;bullet;1628;2787;1743;2877
IMG_7671.JPG;bullet;1133;3030;1261;3133
IMG_7672.JPG;bullet;1490;1720;1627;1819
IMG_7672.JPG;bullet;1745;1624;1854;1711
IMG_7672.JPG;bullet;1093;1661;1168;1729
IMG_7672.JPG;bullet;1332;2099;1447;2192
IMG_7672.JPG;bullet;925;2707;1012;2791
IMG_7674.JPG;bullet;1408;2404;1505;2491
IMG_7674.JPG;bullet;899;2895;1005;2976
IMG_7674.JPG;bullet;1065;3319;1152;3391
IMG_7675.JPG;bullet;1318;2358;1405;2442
IMG_7675.JPG;bullet;1249;2524;1324;2602
IMG_7675.JPG;bullet;1384;2464;1500;2555
IMG_7675.JPG;bullet;1677;3008;1786;3095
IMG_7675.JPG;bullet;1530;3180;1624;3261
IMG_7676.JPG;bullet;1530;1980;1639;2067
IMG_7676.JPG;bullet;1268;2152;1377;2243
IMG_7676.JPG;bullet;909;2336;1018;2423
IMG_7676.JPG;bullet;1521;2373;1630;2457
IMG_7676.JPG;bullet;1383;2486;1483;2580
IMG_7677.JPG;bullet;1071;1755;1174;1839
IMG_7677.JPG;bullet;1277;1787;1383;1862
IMG_7677.JPG;bullet;1499;1977;1593;2071
IMG_7677.JPG;bullet;881;2686;981;2773
IMG_7677.JPG;bullet;737;2830;856;2921
IMG_7678.JPG;bullet;1435;2074;1532;2152
IMG_7678.JPG;bullet;1764;2272;1867;2357
IMG_7678.JPG;bullet;1974;2353;2081;2441
IMG_7678.JPG;bullet;1545;3011;1655;3096
IMG_7679.JPG;bullet;1465;2699;1559;2783
IMG_7679.JPG;bullet;1359;3020;1456;3098
IMG_7679.JPG;bullet;2227;3189;2311;3255
IMG_7680.JPG;bullet;1811;2845;1935;2932
IMG_7680.JPG;bullet;1830;3105;1935;3204
IMG_7681.JPG;bullet;282;551;360;607
IMG_7681.JPG;bullet;761;1121;846;1196
IMG_7681.JPG;bullet;1272;1360;1363;1448
IMG_7681.JPG;bullet;1093;1497;1178;1569
IMG_7681.JPG;bullet;426;2650;526;2722
IMG_7682.JPG;bullet;1439;150;1514;237
IMG_7683.JPG;bullet;1998;2025;2088;2088
IMG_7683.JPG;bullet;1908;2052;1988;2139
IMG_7683.JPG;bullet;1731;2215;1841;2292
IMG_7683.JPG;bullet;1445;2475;1552;2542
IMG_7683.JPG;bullet;1932;2903;2032;2990
IMG_7684.JPG;bullet;1050;2036;1138;2111
IMG_7684.JPG;bullet;707;2272;798;2360
IMG_7684.JPG;bullet;685;3010;770;3085
IMG_7686.JPG;bullet;452;1894;545;1966
IMG_7687.JPG;bullet;1523;2591;1633;2679
IMG_7687.JPG;bullet;1856;2707;1957;2792
IMG_7687.JPG;bullet;2233;2786;2337;2865
IMG_7687.JPG;bullet;1410;3430;1514;3505
IMG_7688.JPG;bullet;1852;2882;1911;2951
IMG_7689.JPG;bullet;1362;394;1443;485
IMG_7689.JPG;bullet;1521;1281;1621;1359
IMG_7689.JPG;bullet;1374;1677;1465;1758
IMG_7689.JPG;bullet;1724;1587;1824;1674
IMG_7689.JPG;bullet;1877;1849;1971;1933
IMG_7644.JPG;bullet;1148;1530;1223;1591
IMG_7644.JPG;bullet;887;1884;969;1945
IMG_7644.JPG;bullet;1033;2010;1122;2096
IMG_7644.JPG;bullet;762;2192;859;2271
IMG_7644.JPG;bullet;679;2478;783;2550
IMG_7645.JPG;bullet;1767;839;1842;910
IMG_7645.JPG;bullet;2370;1135;2456;1210
IMG_7645.JPG;bullet;1924;1956;2017;2042
IMG_7645.JPG;bullet;1828;1738;1889;1802
IMG_7645.JPG;bullet;942;2092;1021;2163
IMG_7646.JPG;bullet;1171;1833;1268;1905
IMG_7646.JPG;bullet;1412;2019;1531;2102
IMG_7646.JPG;bullet;941;1757;1038;1825
IMG_7646.JPG;bullet;841;1969;963;2055
IMG_7646.JPG;bullet;852;2145;953;2235
IMG_7648.JPG;bullet;242;1323;330;1383
IMG_7648.JPG;bullet;765;1866;870;1950
IMG_7648.JPG;bullet;621;2049;719;2140
IMG_7648.JPG;bullet;1179;2266;1263;2368
IMG_7648.JPG;bullet;305;2628;407;2712
IMG_7649.JPG;bullet;2365;715;2458;808
IMG_7649.JPG;bullet;1936;2172;2025;2258
IMG_7649.JPG;bullet;1411;114;1490;203
IMG_7650.JPG;bullet;769;3145;869;3245
IMG_7650.JPG;bullet;140;2823;229;2905
IMG_7651.JPG;bullet;1279;1831;1358;1910
IMG_7651.JPG;bullet;1527;2723;1635;2820
IMG_7651.JPG;bullet;928;3340;1010;3426
IMG_7652.JPG;bullet;1002;1631;1121;1710
IMG_7652.JPG;bullet;1452;2454;1538;2540
IMG_7652.JPG;bullet;1721;2939;1818;3025
IMG_7652.JPG;bullet;931;3500;1021;3579
IMG_7653.JPG;bullet;1354;1571;1448;1661
IMG_7653.JPG;bullet;1225;2176;1322;2273
IMG_7653.JPG;bullet;1423;2345;1542;2431
IMG_7653.JPG;bullet;1725;2644;1840;2741
IMG_7653.JPG;bullet;584;2961;674;3044
IMG_7654.JPG;bullet;381;2608;467;2679
IMG_7654.JPG;bullet;1026;2170;1133;2245
IMG_7654.JPG;bullet;1329;2106;1425;2202
IMG_7654.JPG;bullet;1810;2551;1888;2644
IMG_7654.JPG;bullet;1646;3000;1760;3110
IMG_7693.JPG;bullet;831;2090;943;2174
IMG_7694.JPG;bullet;604;341;676;419
IMG_7695.JPG;bullet;1174;1226;1249;1288
IMG_7695.JPG;bullet;484;3155;565;3226
IMG_7696.JPG;bullet;199;1077;308;1164
IMG_7696.JPG;bullet;820;2586;929;2673
IMG_7696.JPG;bullet;674;1822;770;1915
IMG_7696.JPG;bullet;494;1009;587;1077
IMG_7700.JPG;bullet;1197;1799;1288;1873
IMG_7700.JPG;bullet;1258;2070;1353;2158
IMG_7700.JPG;bullet;1150;2165;1258;2243
IMG_7700.JPG;bullet;1204;2323;1319;2411
IMG_7700.JPG;bullet;1140;2560;1258;2638
IMG_7703.JPG;bullet;1419;1031;1515;1124
IMG_7703.JPG;bullet;1301;1301;1403;1388
IMG_7703.JPG;bullet;2360;2012;2481;2108
IMG_7703.JPG;bullet;1118;2602;1239;2701
IMG_7704.JPG;bullet;1199;1977;1314;2070
IMG_7704.JPG;bullet;1379;2737;1488;2821
IMG_7704.JPG;bullet;1199;3042;1308;3129
IMG_7705.JPG;bullet;1201;1833;1309;1910
IMG_7705.JPG;bullet;1155;2053;1266;2152
IMG_7705.JPG;bullet;1669;2254;1790;2353
IMG_7705.JPG;bullet;2000;2195;2130;2297
IMG_7705.JPG;bullet;1111;2520;1226;2607
IMG_7707.JPG;bullet;1742;460;1814;538
IMG_7707.JPG;bullet;1729;1413;1829;1488
IMG_7707.JPG;bullet;1651;1604;1742;1676
IMG_7707.JPG;bullet;1513;1648;1598;1726
IMG_7708.JPG;bullet;1517;967;1594;1048
IMG_7708.JPG;bullet;920;1144;1044;1228
IMG_7708.JPG;bullet;1198;1208;1295;1292
IMG_7708.JPG;bullet;1295;37;1392;131
IMG_7708.JPG;bullet;1272;2121;1396;2215
IMG_7747.JPG;bullet;1098;1630;1181;1710
IMG_7747.JPG;bullet;1676;1597;1771;1664
IMG_7747.JPG;bullet;1282;1798;1386;1878
IMG_7747.JPG;bullet;1468;2049;1569;2135
IMG_7747.JPG;bullet;1034;2349;1129;2429
IMG_7748.JPG;bullet;2002;2774;2104;2873
IMG_7748.JPG;bullet;2363;3034;2471;3120
IMG_7749.JPG;bullet;988;1656;1078;1733
IMG_7749.JPG;bullet;1006;2143;1108;2224
IMG_7749.JPG;bullet;1127;2440;1217;2527
IMG_7749.JPG;bullet;820;2799;928;2886
IMG_7749.JPG;bullet;1022;3276;1124;3369
IMG_7752.JPG;bullet;1333;1554;1423;1619
IMG_7752.JPG;bullet;1333;1622;1426;1675
IMG_7752.JPG;bullet;985;1725;1084;1809
IMG_7752.JPG;bullet;845;1880;941;1967
IMG_7752.JPG;bullet;590;2471;693;2561
IMG_7754.JPG;bullet;1595;1730;1684;1810
IMG_7754.JPG;bullet;1727;1865;1804;1948
IMG_7754.JPG;bullet;979;2161;1071;2253
IMG_7754.JPG;bullet;1007;2466;1096;2549
IMG_7754.JPG;bullet;1687;3226;1770;3312
IMG_7756.JPG;bullet;1802;1144;1904;1237
IMG_7756.JPG;bullet;1638;1830;1731;1913
IMG_7756.JPG;bullet;1814;1762;1916;1836
IMG_7756.JPG;bullet;1790;1632;1870;1706
IMG_7756.JPG;bullet;1873;2247;1975;2334
IMG_7757.JPG;bullet;1780;588;1852;653
IMG_7757.JPG;bullet;1298;697;1376;781
IMG_7757.JPG;bullet;931;2512;1037;2587
IMG_7758.JPG;bullet;1647;2428;1716;2500
IMG_7758.JPG;bullet;1793;3452;1880;3546
IMG_7759.JPG;bullet;1612;1205;1698;1276
IMG_7759.JPG;bullet;1230;1887;1335;1955
IMG_7759.JPG;bullet;1390;1927;1479;2010
IMG_7759.JPG;bullet;2010;2072;2099;2149
IMG_7759.JPG;bullet;1125;1526;1205;1606
IMG_7760.JPG;bullet;1054;837;1152;901
IMG_7760.JPG;bullet;944;984;1024;1054
IMG_7760.JPG;bullet;748;1410;834;1477
IMG_7760.JPG;bullet;524;1710;607;1784
IMG_7760.JPG;bullet;135;1529;233;1599
IMG_7761.JPG;bullet;1372;2322;1453;2413
IMG_7761.JPG;bullet;1775;2450;1847;2519
IMG_7761.JPG;bullet;1813;2576;1885;2651
IMG_7761.JPG;bullet;1757;2519;1791;2591
IMG_7761.JPG;bullet;1672;2488;1750;2572
IMG_7763.JPG;bullet;1422;2484;1509;2558
IMG_7763.JPG;bullet;1704;2537;1785;2618
IMG_7763.JPG;bullet;1174;2627;1270;2717
IMG_7763.JPG;bullet;1159;2893;1255;2967
IMG_7763.JPG;bullet;1552;2995;1657;3082
IMG_7765.JPG;bullet;825;564;906;636
IMG_7765.JPG;bullet;146;1046;224;1111
IMG_7765.JPG;bullet;44;1292;116;1357
IMG_7765.JPG;bullet;417;1383;510;1452
IMG_7766.JPG;bullet;1072;1056;1159;1137
IMG_7766.JPG;bullet;1380;1029;1470;1116
IMG_7766.JPG;bullet;1818;1880;1921;1955
IMG_7766.JPG;bullet;929;1454;1038;1541
IMG_7766.JPG;bullet;2340;2299;2421;2364
IMG_7767.JPG;bullet;1354;1137;1441;1212
IMG_7767.JPG;bullet;863;1332;934;1403
IMG_7767.JPG;bullet;941;1404;1019;1488
IMG_7767.JPG;bullet;1329;1481;1416;1568
IMG_7768.JPG;bullet;1750;1398;1833;1472
IMG_7768.JPG;bullet;1859;1902;1964;1989
IMG_7768.JPG;bullet;1277;2140;1385;2230
IMG_7768.JPG;bullet;1225;2693;1343;2786
IMG_7768.JPG;bullet;1543;2938;1654;3021
IMG_7771.JPG;bullet;633;1051;730;1141
IMG_7771.JPG;bullet;505;1310;611;1397
IMG_7771.JPG;bullet;459;2134;540;2215
IMG_7771.JPG;bullet;1161;558;1251;627
IMG_7772.JPG;bullet;1329;172;1429;250
IMG_7772.JPG;bullet;1676;438;1764;519
IMG_7772.JPG;bullet;1560;1435;1654;1516
IMG_7772.JPG;bullet;1582;1567;1679;1633
IMG_7772.JPG;bullet;1248;2308;1351;2389
IMG_7773.JPG;bullet;701;1309;797;1368
IMG_7773.JPG;bullet;1194;1212;1287;1280
IMG_7773.JPG;bullet;1423;1430;1535;1508
IMG_7774.JPG;bullet;1160;584;1241;677
IMG_7774.JPG;bullet;473;1054;582;1122
IMG_7774.JPG;bullet;656;2114;749;2232
IMG_7774.JPG;bullet;821;2350;930;2459
IMG_7775.JPG;bullet;2388;2619;2477;2686
IMG_7775.JPG;bullet;1859;2800;1976;2882
IMG_7776.JPG;bullet;1714;1611;1813;1696
IMG_7776.JPG;bullet;2068;1979;2160;2064
IMG_7776.JPG;bullet;1423;2262;1536;2361
IMG_7776.JPG;bullet;1494;2482;1604;2571
IMG_7778.JPG;bullet;390;1259;496;1341
IMG_7778.JPG;bullet;1156;1337;1270;1411
IMG_7778.JPG;bullet;1156;2557;1227;2631
IMG_7778.JPG;bullet;1263;2671;1348;2753
IMG_7778.JPG;bullet;1153;2802;1245;2891
IMG_7779.JPG;bullet;1236;2187;1345;2268
IMG_7779.JPG;bullet;1518;2479;1603;2567
IMG_7779.JPG;bullet;676;2521;764;2598
IMG_7780.JPG;bullet;1126;1418;1210;1488
IMG_7780.JPG;bullet;1017;1661;1112;1738
IMG_7780.JPG;bullet;1130;2470;1239;2565
IMG_7780.JPG;bullet;1686;2477;1788;2558
IMG_7780.JPG;bullet;771;2766;866;2847
IMG_7781.JPG;bullet;1220;1238;1312;1323
IMG_7781.JPG;bullet;886;1437;989;1537
IMG_7781.JPG;bullet;1316;1430;1405;1515
IMG_7781.JPG;bullet;1810;1387;1906;1465
IMG_7781.JPG;bullet;1352;1700;1452;1785
IMG_7783.JPG;bullet;1121;1798;1221;1862
IMG_7783.JPG;bullet;1146;1908;1217;1976
IMG_7783.JPG;bullet;1363;1897;1456;1979
IMG_7783.JPG;bullet;1545;2114;1645;2214
IMG_7783.JPG;bullet;1424;2549;1531;2645
IMG_7784.JPG;bullet;1533;1824;1622;1909
IMG_7784.JPG;bullet;1654;1828;1739;1910
IMG_7784.JPG;bullet;1177;2265;1284;2357
IMG_7784.JPG;bullet;1508;2166;1618;2251
IMG_7784.JPG;bullet;1597;2664;1700;2764
IMG_7785.JPG;bullet;1880;330;2001;422
IMG_7785.JPG;bullet;1805;1972;1915;2064
IMG_7785.JPG;bullet;2061;1997;2182;2096
IMG_7785.JPG;bullet;1309;2915;1419;3007
IMG_7785.JPG;bullet;1880;3139;2011;3235
IMG_7786.JPG;bullet;1323;1323;1420;1395
IMG_7786.JPG;bullet;1570;1685;1674;1774
IMG_7786.JPG;bullet;1295;1735;1424;1824
IMG_7786.JPG;bullet;1141;2167;1248;2260
IMG_7787.JPG;bullet;1196;1451;1310;1543
IMG_7787.JPG;bullet;1338;1760;1444;1852
IMG_7787.JPG;bullet;1544;2019;1640;2118
IMG_7787.JPG;bullet;1309;2200;1430;2299
IMG_7787.JPG;bullet;1501;2498;1597;2583
IMG_7789.JPG;bullet;172;723;261;805
IMG_7789.JPG;bullet;969;995;1073;1074
IMG_7789.JPG;bullet;783;1045;855;1120
IMG_7789.JPG;bullet;873;1363;995;1456
IMG_7790.JPG;bullet;1358;1471;1450;1553
IMG_7790.JPG;bullet;1375;1581;1467;1670
IMG_7790.JPG;bullet;1804;1588;1886;1666
IMG_7790.JPG;bullet;1734;1815;1833;1907
IMG_7790.JPG;bullet;1936;982;2042;1078
IMG_7791.JPG;bullet;1563;1516;1663;1594
IMG_7791.JPG;bullet;1299;1178;1392;1249
IMG_7791.JPG;bullet;1160;1160;1260;1228
IMG_7791.JPG;bullet;1139;1231;1242;1295
IMG_7791.JPG;bullet;1313;2758;1406;2843
IMG_7792.JPG;bullet;1528;568;1581;638
IMG_7792.JPG;bullet;1160;1311;1255;1385
IMG_7792.JPG;bullet;995;1342;1083;1437
IMG_7792.JPG;bullet;1177;1514;1258;1591
IMG_7792.JPG;bullet;1041;1938;1139;2005
IMG_7793.JPG;bullet;1434;1861;1533;1939
IMG_7793.JPG;bullet;1190;1911;1278;1996
IMG_7793.JPG;bullet;1406;2402;1491;2483
IMG_7793.JPG;bullet;1067;2903;1162;2988
IMG_7794.JPG;bullet;1697;1368;1800;1456
IMG_7794.JPG;bullet;1771;1845;1866;1916
IMG_7794.JPG;bullet;2135;1856;2220;1944
IMG_7794.JPG;bullet;1428;2337;1523;2422
IMG_7794.JPG;bullet;1145;2722;1262;2832
IMG_7795.JPG;bullet;1545;1781;1647;1873
IMG_7795.JPG;bullet;1501;2132;1597;2214
IMG_7795.JPG;bullet;1064;2354;1156;2439
IMG_7795.JPG;bullet;870;2374;976;2466
IMG_7797.JPG;bullet;1349;1858;1454;1945
IMG_7797.JPG;bullet;1646;2378;1740;2469
IMG_7797.JPG;bullet;1733;2866;1845;2964
IMG_7797.JPG;bullet;819;2862;920;2942
IMG_7797.JPG;bullet;893;3152;991;3239
IMG_7798.JPG;bullet;570;1815;668;1896
IMG_7800.JPG;bullet;1015;1186;1106;1273
IMG_7800.JPG;bullet;1978;1824;2076;1904
IMG_7800.JPG;bullet;1719;2131;1813;2222
IMG_7800.JPG;bullet;1590;2145;1674;2239
IMG_7800.JPG;bullet;1071;1325;1165;1398
IMG_7803.JPG;bullet;1609;1369;1706;1445
IMG_7803.JPG;bullet;1581;1557;1668;1623
IMG_7803.JPG;bullet;1619;2015;1702;2095
IMG_7803.JPG;bullet;1244;2224;1341;2311
IMG_7803.JPG;bullet;1751;2502;1841;2603
IMG_7804.JPG;bullet;1242;1962;1343;2049
IMG_7804.JPG;bullet;1263;2080;1360;2160
IMG_7804.JPG;bullet;824;2070;925;2147
IMG_7804.JPG;bullet;811;2432;919;2509
IMG_7804.JPG;bullet;1158;2546;1248;2633
IMG_7805.JPG;bullet;1357;1981;1454;2075
IMG_7805.JPG;bullet;937;2033;1017;2109
IMG_7805.JPG;bullet;1100;2342;1190;2429
IMG_7805.JPG;bullet;1332;2439;1426;2536
IMG_7805.JPG;bullet;1898;3012;2009;3102
IMG_7806.JPG;bullet;1430;1836;1518;1920
IMG_7806.JPG;bullet;1272;1906;1363;1990
IMG_7806.JPG;bullet;1664;2215;1776;2303
IMG_7806.JPG;bullet;1598;2733;1714;2828
IMG_7806.JPG;bullet;1787;2985;1920;3076
IMG_7807.JPG;bullet;589;856;689;925
IMG_7807.JPG;bullet;1303;1130;1410;1220
IMG_7807.JPG;bullet;1649;1358;1756;1458
IMG_7807.JPG;bullet;1050;1310;1178;1397
IMG_7807.JPG;bullet;780;1493;894;1566
IMG_7808.JPG;bullet;1185;1344;1282;1427
IMG_7808.JPG;bullet;1887;1797;1987;1876
IMG_7808.JPG;bullet;1859;2209;1966;2282
IMG_7808.JPG;bullet;1379;3024;1458;3121
IMG_7808.JPG;bullet;2502;1320;2585;1396
IMG_7809.JPG;bullet;1493;1155;1578;1226
IMG_7809.JPG;bullet;1728;1106;1813;1170
IMG_7809.JPG;bullet;1514;1507;1614;1585
IMG_7809.JPG;bullet;1742;2264;1845;2349
IMG_7809.JPG;bullet;1134;2631;1248;2741
IMG_7810.JPG;bullet;1347;2279;1449;2363
IMG_7810.JPG;bullet;1751;2398;1849;2482
IMG_7810.JPG;bullet;837;2585;953;2680
IMG_7810.JPG;bullet;837;3140;971;3224
IMG_7815.JPG;bullet;1390;1792;1463;1868
IMG_7815.JPG;bullet;1089;1862;1203;1956
IMG_7815.JPG;bullet;867;2295;961;2375
IMG_7815.JPG;bullet;981;2503;1082;2586
IMG_7816.JPG;bullet;1260;977;1350;1077
IMG_7816.JPG;bullet;1215;1205;1322;1298
IMG_7816.JPG;bullet;1022;1450;1108;1529
IMG_7816.JPG;bullet;1111;1650;1187;1729
IMG_7816.JPG;bullet;790;1643;873;1712
IMG_7817.JPG;bullet;2124;1319;2197;1388
IMG_7817.JPG;bullet;1840;1574;1935;1661
IMG_7817.JPG;bullet;958;1330;1053;1421
IMG_7817.JPG;bullet;871;1865;973;1945
IMG_7817.JPG;bullet;2204;2350;2317;2419
IMG_7818.JPG;bullet;555;426;632;511
IMG_7818.JPG;bullet;1040;327;1136;423
IMG_7818.JPG;bullet;1734;588;1807;665
IMG_7818.JPG;bullet;1212;1639;1319;1735
IMG_7819.JPG;bullet;1450;1810;1559;1904
IMG_7819.JPG;bullet;1202;1859;1300;1960
IMG_7819.JPG;bullet;1837;1855;1942;1960
IMG_7819.JPG;bullet;1269;2400;1408;2498
IMG_7819.JPG;bullet;1919;2265;2032;2359
IMG_7820.JPG;bullet;1013;1112;1123;1200
IMG_7820.JPG;bullet;1134;2048;1233;2129
IMG_7820.JPG;bullet;543;2088;653;2169
IMG_7820.JPG;bullet;1303;2511;1417;2606
IMG_7820.JPG;bullet;661;1817;764;1909
IMG_7821.JPG;bullet;814;2026;924;2114
IMG_7821.JPG;bullet;1044;2078;1135;2166
IMG_7821.JPG;bullet;1347;2209;1438;2297
IMG_7821.JPG;bullet;1267;2311;1358;2399
IMG_7821.JPG;bullet;1026;2355;1121;2454
IMG_7824.JPG;bullet;1419;792;1543;886
IMG_7824.JPG;bullet;1287;1115;1415;1209
IMG_7824.JPG;bullet;1858;1377;1963;1456
IMG_7824.JPG;bullet;1347;1966;1460;2052
IMG_7824.JPG;bullet;1208;2248;1321;2342
IMG_7825.JPG;bullet;472;2988;585;3057
IMG_7825.JPG;bullet;15;2984;132;3064
IMG_7825.JPG;bullet;11;2816;99;2904
IMG_7825.JPG;bullet;490;1481;574;1565
IMG_7826.JPG;bullet;2240;1127;2348;1209
IMG_7826.JPG;bullet;1557;1542;1662;1624
IMG_7826.JPG;bullet;650;2176;781;2266
IMG_7827.JPG;bullet;1301;1928;1413;2025
IMG_7827.JPG;bullet;1190;2178;1302;2290
IMG_7827.JPG;bullet;1484;2032;1596;2136
IMG_7827.JPG;bullet;1641;2215;1749;2327
IMG_7827.JPG;bullet;1749;2506;1894;2618
IMG_7829.JPG;bullet;1365;3333;1494;3424
IMG_7829.JPG;bullet;1486;3712;1626;3799
IMG_7829.JPG;bullet;1782;3701;1884;3788
IMG_7831.JPG;bullet;953;1236;1048;1309
IMG_7831.JPG;bullet;1120;1295;1251;1400
IMG_7831.JPG;bullet;727;1440;832;1509
IMG_7831.JPG;bullet;869;1825;967;1934
IMG_7831.JPG;bullet;560;2044;676;2146
IMG_7832.JPG;bullet;1134;1100;1235;1197
IMG_7832.JPG;bullet;735;977;817;1048
IMG_7832.JPG;bullet;619;1735;712;1806
IMG_7832.JPG;bullet;1100;1835;1190;1913
IMG_7832.JPG;bullet;1388;1667;1507;1742
IMG_7833.JPG;bullet;990;1733;1106;1831
IMG_7833.JPG;bullet;1995;2468;2123;2581
IMG_7833.JPG;bullet;2265;3045;2351;3146
IMG_7833.JPG;bullet;1909;3161;2029;3244
IMG_7833.JPG;bullet;1931;3375;2044;3458
IMG_7834.JPG;bullet;975;1707;1095;1815
IMG_7834.JPG;bullet;669;1502;818;1588
IMG_7834.JPG;bullet;751;2137;893;2242
IMG_7834.JPG;bullet;949;2974;1050;3049
IMG_7834.JPG;bullet;1771;2626;1894;2734
IMG_7835.JPG;bullet;1456;883;1565;988
IMG_7835.JPG;bullet;1318;2126;1419;2227
IMG_7835.JPG;bullet;835;3058;955;3152
IMG_7836.JPG;bullet;1037;222;1127;308
IMG_7836.JPG;bullet;1346;534;1444;613
IMG_7836.JPG;bullet;1485;1827;1594;1917
IMG_7836.JPG;bullet;1349;2030;1469;2101
IMG_7836.JPG;bullet;1398;2093;1530;2179
IMG_7837.JPG;bullet;1540;2051;1657;2134
IMG_7837.JPG;bullet;1892;1869;1987;1948
IMG_7837.JPG;bullet;1812;1631;1925;1710
IMG_7837.JPG;bullet;1491;2368;1623;2455
IMG_7838.JPG;bullet;1598;2437;1709;2522
IMG_7838.JPG;bullet;1343;3403;1461;3492
IMG_7839.JPG;bullet;1164;2413;1287;2525
IMG_7839.JPG;bullet;1883;3077;1991;3170
IMG_7839.JPG;bullet;1682;3528;1779;3614
IMG_7840.JPG;bullet;843;1231;966;1309
IMG_7840.JPG;bullet;1115;1925;1246;2022
IMG_7840.JPG;bullet;623;2096;731;2186
IMG_7840.JPG;bullet;914;3678;1004;3738
IMG_7841.JPG;bullet;1754;1085;1848;1179
IMG_7841.JPG;bullet;1656;2794;1761;2903
IMG_7842.JPG;bullet;922;3362;1054;3483
IMG_7843.JPG;bullet;1102;2618;1210;2704
IMG_7843.JPG;bullet;2435;3480;2547;3573
IMG_7845.JPG;bullet;1482;1272;1576;1369
IMG_7845.JPG;bullet;745;1280;809;1355
IMG_7845.JPG;bullet;816;1310;872;1385
IMG_7845.JPG;bullet;835;1699;932;1789
IMG_7845.JPG;bullet;647;2253;752;2350
IMG_7846.JPG;bullet;883;743;981;841
IMG_7846.JPG;bullet;792;864;871;947
IMG_7846.JPG;bullet;611;747;686;807
IMG_7846.JPG;bullet;630;2271;717;2346
IMG_7847.JPG;bullet;971;2165;1075;2277
IMG_7847.JPG;bullet;1086;2389;1205;2501
IMG_7848.JPG;bullet;1269;2216;1396;2317
IMG_7848.JPG;bullet;786;1790;906;1884
IMG_7848.JPG;bullet;880;2516;989;2617
IMG_7848.JPG;bullet;1041;2770;1157;2860
IMG_7848.JPG;bullet;610;3055;719;3152
IMG_7850.JPG;bullet;799;1092;894;1187
IMG_7850.JPG;bullet;1419;1495;1541;1598
IMG_7850.JPG;bullet;1324;2054;1446;2145
IMG_7850.JPG;bullet;1164;2472;1286;2567
IMG_7850.JPG;bullet;1164;2613;1286;2708
